2026-08-25 08:31:36 | INFO | P05 | === RUN START ===
2026-08-25 08:31:36 | INFO | P05 | project=P05 - PYTHON AND SQL
2026-08-25 08:31:36 | INFO | P05 | repo_dir=datafun-05-sql
2026-08-25 08:31:36 | INFO | P05 | python=3.14.7
2026-08-25 08:31:36 | INFO | P05 | os=Windows 11
2026-08-25 08:31:36 | INFO | P05 | shell=powershell
2026-08-25 08:31:36 | INFO | P05 | cwd=.
2026-08-25 08:31:36 | INFO | P05 | github_actions=False
2026-08-25 08:31:36 | INFO | P05 | ===================================
2026-08-25 08:31:36 | INFO | P05 | START main()
2026-08-25 08:31:36 | INFO | P05 | ===================================
2026-08-25 08:31:36 | INFO | P05 | -------------------------------
2026-08-25 08:31:36 | INFO | P05 | 01. LOAD the related tables.
2026-08-25 08:31:36 | INFO | P05 | -------------------------------
2026-08-25 08:31:36 | INFO | P05 | regions file = data\retail\region.csv
2026-08-25 08:31:36 | INFO | P05 | stores file = data\retail\store.csv
2026-08-25 08:31:36 | INFO | P05 | employees file = data\retail\employee.csv
2026-08-25 08:31:36 | INFO | P05 | Related tables loaded successfully.
2026-08-25 08:31:36 | INFO | P05 | -------------------------------
2026-08-25 08:31:36 | INFO | P05 | 02. INSPECT the grain and keys.
2026-08-25 08:31:36 | INFO | P05 | -------------------------------
2026-08-25 08:31:36 | INFO | P05 | Regions grain: one business region
2026-08-25 08:31:36 | INFO | P05 | Stores grain: one store
2026-08-25 08:31:36 | INFO | P05 | Employees grain: one employee
2026-08-25 08:31:36 | INFO | P05 | Regions columns: ['region_id', 'region_name']
2026-08-25 08:31:36 | INFO | P05 | Stores columns: ['store_id', 'store_name', 'region_id', 'store_type', 'square_feet']
2026-08-25 08:31:36 | INFO | P05 | Employees columns: ['employee_id', 'employee_name', 'store_id', 'role', 'years_employed']
2026-08-25 08:31:36 | INFO | P05 | 
The data is stored in three related tables.

One region can have many stores.
The stores table uses region_id to identify each store's region.

One store can have many employees.
The employees table uses store_id to identify each employee's store.

The shared keys connect information stored in different tables.

2026-08-25 08:31:36 | INFO | P05 | -------------------------------
2026-08-25 08:31:36 | INFO | P05 | 03. CREATE a SQLite database.
2026-08-25 08:31:36 | INFO | P05 | -------------------------------
2026-08-25 08:31:36 | INFO | P05 | SQLite database = data\retail\business.sqlite
2026-08-25 08:31:36 | INFO | P05 | SQLite database connection created.
2026-08-25 08:31:36 | INFO | P05 | -------------------------------
2026-08-25 08:31:36 | INFO | P05 | 04. LOAD the tables into SQLite.
2026-08-25 08:31:36 | INFO | P05 | -------------------------------
2026-08-25 08:31:36 | INFO | P05 | Related tables loaded into SQLite.
2026-08-25 08:31:36 | INFO | P05 | -------------------------------
2026-08-25 08:31:36 | INFO | P05 | 05. QUERY across related tables with SQL.
2026-08-25 08:31:36 | INFO | P05 | -------------------------------
2026-08-25 08:31:36 | INFO | P05 | 
I want to compare the number of employees working at each store.
The result should have one row per store.

The information I need requires all three tables:
 - region name is in regions,
 - store name is in stores,
 - employee info is in employees.

2026-08-25 08:31:36 | INFO | P05 | 
SQL query:

SELECT
    r.region_name,
    s.store_name,
    COUNT(e.employee_id) AS employee_count
FROM regions AS r
JOIN stores AS s
    ON r.region_id = s.region_id
LEFT JOIN employees AS e
    ON s.store_id = e.store_id
GROUP BY
    r.region_name,
    s.store_name
ORDER BY
    employee_count DESC;

2026-08-25 08:31:36 | INFO | P05 | 
Query result:
   region_name        store_name  employee_count
0         West     Coastal Plaza              18
1        South  Peachtree Center              17
2         East      Maple Square              15
3        South   Sunrise Commons              14
4      Central    Prairie Center              13
5         West     Canyon Center              13
6        North         Northgate              12
7         East      Harbor Point              11
8      Central  Lakeside Commons              10
9        South   Magnolia Market              10
10       North       Cedar Plaza               9
11     Central      River Market               8
12        West    Desert Springs               7
13        East     Pine Crossing               6
14       South    Bayou Crossing               5
2026-08-25 08:31:36 | INFO | P05 | -------------------------------
2026-08-25 08:31:36 | INFO | P05 | 06. VISUALIZE the query result with Python.
2026-08-25 08:31:36 | INFO | P05 | -------------------------------
2026-08-25 08:31:36 | INFO | P05 | 
The query result has one numeric value
(employee count) for each store.

A bar chart works for comparing
a numeric value across named categories.
Every pandas df has a
plot.box() method for creating box plots.

2026-08-25 08:31:36 | INFO | P05 | Chart saved successfully at docs\images\first-chart.png.
2026-08-25 08:31:36 | INFO | P05 | -------------------------------
2026-08-25 08:31:36 | INFO | P05 | 07. SUMMARIZE what you found.
2026-08-25 08:31:36 | INFO | P05 | -------------------------------
2026-08-25 08:31:36 | INFO | P05 | CUSTOM OBSERVATIONS:
    The SQL query connected information from
    the regions, stores, and employees tables.

    The result has one row per store.

    I observed ...

    Based on this result, I would next like to explore ...
    
2026-08-25 08:31:36 | INFO | P05 | -------------------------------
2026-08-25 08:31:36 | INFO | P05 | 08. DISPLAY the visualization.
2026-08-25 08:31:36 | INFO | P05 | -------------------------------
2026-08-25 08:31:36 | INFO | P05 | In a script, call plt.show() at the end to display all charts.
2026-08-25 08:31:36 | INFO | P05 | Close all chart windows (with the close button) to continue.
2026-08-25 08:31:36 | INFO | P05 | ===================================
2026-08-25 08:31:36 | INFO | P05 | END main() - Executed successfully!
2026-08-25 08:31:36 | INFO | P05 | ===================================
2026-09-16 09:51:33 | INFO | P05 | === RUN START ===
2026-09-16 09:51:33 | INFO | P05 | project=P05 - PYTHON AND SQL
2026-09-16 09:51:33 | INFO | P05 | repo_dir=datafun-05-sql
2026-09-16 09:51:33 | INFO | P05 | python=3.14.7
2026-09-16 09:51:33 | INFO | P05 | os=Darwin 23.5.0
2026-09-16 09:51:33 | INFO | P05 | shell=zsh
2026-09-16 09:51:33 | INFO | P05 | cwd=.
2026-09-16 09:51:33 | INFO | P05 | github_actions=False
2026-09-16 09:51:33 | INFO | P05 | ===================================
2026-09-16 09:51:33 | INFO | P05 | START main()
2026-09-16 09:51:33 | INFO | P05 | ===================================
2026-09-16 09:51:33 | INFO | P05 | -------------------------------
2026-09-16 09:51:33 | INFO | P05 | 01. LOAD the related tables.
2026-09-16 09:51:33 | INFO | P05 | -------------------------------
2026-09-16 09:51:33 | INFO | P05 | regions file = data/retail/region.csv
2026-09-16 09:51:33 | INFO | P05 | stores file = data/retail/store.csv
2026-09-16 09:51:33 | INFO | P05 | employees file = data/retail/employee.csv
2026-09-16 09:51:33 | INFO | P05 | Related tables loaded successfully.
2026-09-16 09:51:33 | INFO | P05 | -------------------------------
2026-09-16 09:51:33 | INFO | P05 | 02. INSPECT the grain and keys.
2026-09-16 09:51:33 | INFO | P05 | -------------------------------
2026-09-16 09:51:33 | INFO | P05 | Regions grain: one business region
2026-09-16 09:51:33 | INFO | P05 | Stores grain: one store
2026-09-16 09:51:33 | INFO | P05 | Employees grain: one employee
2026-09-16 09:51:33 | INFO | P05 | Regions columns: ['region_id', 'region_name']
2026-09-16 09:51:33 | INFO | P05 | Stores columns: ['store_id', 'store_name', 'region_id', 'store_type', 'square_feet']
2026-09-16 09:51:33 | INFO | P05 | Employees columns: ['employee_id', 'employee_name', 'store_id', 'role', 'years_employed']
2026-09-16 09:51:33 | INFO | P05 | 
The data is stored in three related tables.

One region can have many stores.
The stores table uses region_id to identify each store's region.

One store can have many employees.
The employees table uses store_id to identify each employee's store.

The shared keys connect information stored in different tables.

2026-09-16 09:51:33 | INFO | P05 | -------------------------------
2026-09-16 09:51:33 | INFO | P05 | 03. CREATE a SQLite database.
2026-09-16 09:51:33 | INFO | P05 | -------------------------------
2026-09-16 09:51:33 | INFO | P05 | SQLite database = data/retail/business.sqlite
2026-09-16 09:51:33 | INFO | P05 | SQLite database connection created.
2026-09-16 09:51:33 | INFO | P05 | -------------------------------
2026-09-16 09:51:33 | INFO | P05 | 04. LOAD the tables into SQLite.
2026-09-16 09:51:33 | INFO | P05 | -------------------------------
2026-09-16 09:51:33 | INFO | P05 | Related tables loaded into SQLite.
2026-09-16 09:51:33 | INFO | P05 | -------------------------------
2026-09-16 09:51:33 | INFO | P05 | 05. QUERY across related tables with SQL.
2026-09-16 09:51:33 | INFO | P05 | -------------------------------
2026-09-16 09:51:33 | INFO | P05 | 
I want to compare the number of employees working at each store.
The result should have one row per store.

The information I need requires all three tables:
 - region name is in regions,
 - store name is in stores,
 - employee info is in employees.

2026-09-16 09:51:33 | INFO | P05 | 
SQL query:

SELECT
    r.region_name,
    s.store_name,
    COUNT(e.employee_id) AS employee_count
FROM regions AS r
JOIN stores AS s
    ON r.region_id = s.region_id
LEFT JOIN employees AS e
    ON s.store_id = e.store_id
GROUP BY
    r.region_name,
    s.store_name
ORDER BY
    employee_count DESC;

2026-09-16 09:51:33 | INFO | P05 | 
Query result:
   region_name        store_name  employee_count
0         West     Coastal Plaza              18
1        South  Peachtree Center              17
2         East      Maple Square              15
3        South   Sunrise Commons              14
4      Central    Prairie Center              13
5         West     Canyon Center              13
6        North         Northgate              12
7         East      Harbor Point              11
8      Central  Lakeside Commons              10
9        South   Magnolia Market              10
10       North       Cedar Plaza               9
11     Central      River Market               8
12        West    Desert Springs               7
13        East     Pine Crossing               6
14       South    Bayou Crossing               5
2026-09-16 09:51:33 | INFO | P05 | -------------------------------
2026-09-16 09:51:33 | INFO | P05 | 06. VISUALIZE the query result with Python.
2026-09-16 09:51:33 | INFO | P05 | -------------------------------
2026-09-16 09:51:33 | INFO | P05 | 
The query result has one numeric value
(employee count) for each store.

A bar chart works for comparing
a numeric value across named categories.
Every pandas df has a
plot.box() method for creating box plots.

2026-09-16 09:51:34 | INFO | P05 | Chart saved successfully at docs/images/first-chart.png.
2026-09-16 09:51:34 | INFO | P05 | -------------------------------
2026-09-16 09:51:34 | INFO | P05 | 07. SUMMARIZE what you found.
2026-09-16 09:51:34 | INFO | P05 | -------------------------------
2026-09-16 09:51:34 | INFO | P05 | CUSTOM OBSERVATIONS:
    The SQL query connected information from
    the regions, stores, and employees tables.

    The result has one row per store.

    I observed ...

    Based on this result, I would next like to explore ...
    
2026-09-16 09:51:34 | INFO | P05 | -------------------------------
2026-09-16 09:51:34 | INFO | P05 | 08. DISPLAY the visualization.
2026-09-16 09:51:34 | INFO | P05 | -------------------------------
2026-09-16 09:51:34 | INFO | P05 | In a script, call plt.show() at the end to display all charts.
2026-09-16 09:51:34 | INFO | P05 | Close all chart windows (with the close button) to continue.
2026-09-16 09:51:49 | INFO | P05 | ===================================
2026-09-16 09:51:49 | INFO | P05 | END main() - Executed successfully!
2026-09-16 09:51:49 | INFO | P05 | ===================================
2026-09-16 09:56:09 | INFO | P05 | === RUN START ===
2026-09-16 09:56:09 | INFO | P05 | project=P05 - PYTHON AND SQL
2026-09-16 09:56:09 | INFO | P05 | repo_dir=datafun-05-sql
2026-09-16 09:56:09 | INFO | P05 | python=3.14.7
2026-09-16 09:56:09 | INFO | P05 | os=Darwin 23.5.0
2026-09-16 09:56:09 | INFO | P05 | shell=zsh
2026-09-16 09:56:09 | INFO | P05 | cwd=.
2026-09-16 09:56:09 | INFO | P05 | github_actions=False
2026-09-16 09:56:09 | INFO | P05 | ===================================
2026-09-16 09:56:09 | INFO | P05 | START main()
2026-09-16 09:56:09 | INFO | P05 | ===================================
2026-09-16 09:56:09 | INFO | P05 | -------------------------------
2026-09-16 09:56:09 | INFO | P05 | 01. LOAD the related tables.
2026-09-16 09:56:09 | INFO | P05 | -------------------------------
2026-09-16 09:56:09 | INFO | P05 | regions file = data/retail/region.csv
2026-09-16 09:56:09 | INFO | P05 | stores file = data/retail/store.csv
2026-09-16 09:56:09 | INFO | P05 | employees file = data/retail/employee.csv
2026-09-16 09:56:09 | INFO | P05 | Related tables loaded successfully.
2026-09-16 09:56:09 | INFO | P05 | -------------------------------
2026-09-16 09:56:09 | INFO | P05 | 02. INSPECT the grain and keys.
2026-09-16 09:56:09 | INFO | P05 | -------------------------------
2026-09-16 09:56:09 | INFO | P05 | Regions grain: one business region
2026-09-16 09:56:09 | INFO | P05 | Stores grain: one store
2026-09-16 09:56:09 | INFO | P05 | Employees grain: one employee
2026-09-16 09:56:09 | INFO | P05 | Regions columns: ['region_id', 'region_name']
2026-09-16 09:56:09 | INFO | P05 | Stores columns: ['store_id', 'store_name', 'region_id', 'store_type', 'square_feet']
2026-09-16 09:56:09 | INFO | P05 | Employees columns: ['employee_id', 'employee_name', 'store_id', 'role', 'years_employed']
2026-09-16 09:56:09 | INFO | P05 | 
The data is stored in three related tables.

One region can have many stores.
The stores table uses region_id to identify each store's region.

One store can have many employees.
The employees table uses store_id to identify each employee's store.

The shared keys connect information stored in different tables.

2026-09-16 09:56:09 | INFO | P05 | -------------------------------
2026-09-16 09:56:09 | INFO | P05 | 03. CREATE a SQLite database.
2026-09-16 09:56:09 | INFO | P05 | -------------------------------
2026-09-16 09:56:09 | INFO | P05 | SQLite database = data/retail/business.sqlite
2026-09-16 09:56:09 | INFO | P05 | SQLite database connection created.
2026-09-16 09:56:09 | INFO | P05 | -------------------------------
2026-09-16 09:56:09 | INFO | P05 | 04. LOAD the tables into SQLite.
2026-09-16 09:56:09 | INFO | P05 | -------------------------------
2026-09-16 09:56:09 | INFO | P05 | Related tables loaded into SQLite.
2026-09-16 09:56:09 | INFO | P05 | -------------------------------
2026-09-16 09:56:09 | INFO | P05 | 05. QUERY across related tables with SQL.
2026-09-16 09:56:09 | INFO | P05 | -------------------------------
2026-09-16 09:56:09 | INFO | P05 | 
I want to compare the number of employees working at each store.
The result should have one row per store.

The information I need requires all three tables:
 - region name is in regions,
 - store name is in stores,
 - employee info is in employees.

2026-09-16 09:56:09 | INFO | P05 | 
SQL query:

SELECT
    r.region_name,
    s.store_name,
    COUNT(e.employee_id) AS employee_count
FROM regions AS r
JOIN stores AS s
    ON r.region_id = s.region_id
LEFT JOIN employees AS e
    ON s.store_id = e.store_id
GROUP BY
    r.region_name,
    s.store_name
ORDER BY
    employee_count DESC;

2026-09-16 09:56:09 | INFO | P05 | 
Query result:
   region_name        store_name  employee_count
0         West     Coastal Plaza              18
1        South  Peachtree Center              17
2         East      Maple Square              15
3        South   Sunrise Commons              14
4      Central    Prairie Center              13
5         West     Canyon Center              13
6        North         Northgate              12
7         East      Harbor Point              11
8      Central  Lakeside Commons              10
9        South   Magnolia Market              10
10       North       Cedar Plaza               9
11     Central      River Market               8
12        West    Desert Springs               7
13        East     Pine Crossing               6
14       South    Bayou Crossing               5
2026-09-16 09:56:09 | INFO | P05 | -------------------------------
2026-09-16 09:56:09 | INFO | P05 | 06. VISUALIZE the query result with Python.
2026-09-16 09:56:09 | INFO | P05 | -------------------------------
2026-09-16 09:56:09 | INFO | P05 | 
The query result has one numeric value
(employee count) for each store.

A bar chart works for comparing
a numeric value across named categories.
Every pandas df has a
plot.box() method for creating box plots.

2026-09-16 09:56:09 | INFO | P05 | Chart saved successfully at docs/images/first-chart.png.
2026-09-16 09:56:09 | INFO | P05 | -------------------------------
2026-09-16 09:56:09 | INFO | P05 | 07. SUMMARIZE what you found.
2026-09-16 09:56:09 | INFO | P05 | -------------------------------
2026-09-16 09:56:09 | INFO | P05 | CUSTOM OBSERVATIONS:
    The SQL query connected information from
    the regions, stores, and employees tables.

    The result has one row per store.

    I observed ...

    Based on this result, I would next like to explore ...
    
2026-09-16 09:56:09 | INFO | P05 | -------------------------------
2026-09-16 09:56:09 | INFO | P05 | 08. DISPLAY the visualization.
2026-09-16 09:56:09 | INFO | P05 | -------------------------------
2026-09-16 09:56:09 | INFO | P05 | In a script, call plt.show() at the end to display all charts.
2026-09-16 09:56:09 | INFO | P05 | Close all chart windows (with the close button) to continue.
2026-09-16 09:56:11 | INFO | P05 | ===================================
2026-09-16 09:56:11 | INFO | P05 | END main() - Executed successfully!
2026-09-16 09:56:11 | INFO | P05 | ===================================
2026-09-16 11:05:38 | INFO | P05 | === RUN START ===
2026-09-16 11:05:38 | INFO | P05 | project=P05 - PYTHON AND SQL
2026-09-16 11:05:38 | INFO | P05 | repo_dir=datafun-05-sql
2026-09-16 11:05:38 | INFO | P05 | python=3.14.7
2026-09-16 11:05:38 | INFO | P05 | os=Darwin 23.5.0
2026-09-16 11:05:38 | INFO | P05 | shell=zsh
2026-09-16 11:05:38 | INFO | P05 | cwd=.
2026-09-16 11:05:38 | INFO | P05 | github_actions=False
2026-09-16 11:05:38 | INFO | P05 | ===================================
2026-09-16 11:05:38 | INFO | P05 | START main()
2026-09-16 11:05:38 | INFO | P05 | ===================================
2026-09-16 11:05:38 | INFO | P05 | -------------------------------
2026-09-16 11:05:38 | INFO | P05 | 01. LOAD the related tables.
2026-09-16 11:05:38 | INFO | P05 | -------------------------------
2026-09-16 11:05:38 | INFO | P05 | regions file = data/retail/region.csv
2026-09-16 11:05:38 | INFO | P05 | stores file = data/retail/store.csv
2026-09-16 11:05:38 | INFO | P05 | employees file = data/retail/employee.csv
2026-09-16 11:05:38 | INFO | P05 | Related tables loaded successfully.
2026-09-16 11:05:38 | INFO | P05 | -------------------------------
2026-09-16 11:05:38 | INFO | P05 | 02. INSPECT the grain and keys.
2026-09-16 11:05:38 | INFO | P05 | -------------------------------
2026-09-16 11:05:38 | INFO | P05 | Regions grain: one business region
2026-09-16 11:05:38 | INFO | P05 | Stores grain: one store
2026-09-16 11:05:38 | INFO | P05 | Employees grain: one employee
2026-09-16 11:05:38 | INFO | P05 | Regions columns: ['region_id', 'region_name']
2026-09-16 11:05:38 | INFO | P05 | Stores columns: ['store_id', 'store_name', 'region_id', 'store_type', 'square_feet']
2026-09-16 11:05:38 | INFO | P05 | Employees columns: ['employee_id', 'employee_name', 'store_id', 'role', 'years_employed']
2026-09-16 11:05:38 | INFO | P05 | 
The data is stored in three related tables.

One region can have many stores.
The stores table uses region_id to identify each store's region.

One store can have many employees.
The employees table uses store_id to identify each employee's store.

The shared keys connect information stored in different tables.

2026-09-16 11:05:38 | INFO | P05 | -------------------------------
2026-09-16 11:05:38 | INFO | P05 | 03. CREATE a SQLite database.
2026-09-16 11:05:38 | INFO | P05 | -------------------------------
2026-09-16 11:05:38 | INFO | P05 | SQLite database = data/retail/business.sqlite
2026-09-16 11:05:38 | INFO | P05 | SQLite database connection created.
2026-09-16 11:05:38 | INFO | P05 | -------------------------------
2026-09-16 11:05:38 | INFO | P05 | 04. LOAD the tables into SQLite.
2026-09-16 11:05:38 | INFO | P05 | -------------------------------
2026-09-16 11:05:38 | INFO | P05 | Related tables loaded into SQLite.
2026-09-16 11:05:38 | INFO | P05 | -------------------------------
2026-09-16 11:05:38 | INFO | P05 | 05. QUERY across related tables with SQL.
2026-09-16 11:05:38 | INFO | P05 | -------------------------------
2026-09-16 11:05:38 | INFO | P05 | 
I want to compare the number of employees working at each store.
The result should have one row per store.

The information I need requires all three tables:
 - region name is in regions,
 - store name is in stores,
 - employee info is in employees.

2026-09-16 11:05:38 | INFO | P05 | 
SQL query:

SELECT
    r.region_name,
    s.store_name,
    COUNT(e.employee_id) AS employee_count
FROM regions AS r
JOIN stores AS s
    ON r.region_id = s.region_id
LEFT JOIN employees AS e
    ON s.store_id = e.store_id
GROUP BY
    r.region_name,
    s.store_name
ORDER BY
    employee_count DESC;

2026-09-16 11:05:38 | INFO | P05 | 
Query result:
   region_name        store_name  employee_count
0         West     Coastal Plaza              18
1        South  Peachtree Center              17
2         East      Maple Square              15
3        South   Sunrise Commons              14
4      Central    Prairie Center              13
5         West     Canyon Center              13
6        North         Northgate              12
7         East      Harbor Point              11
8      Central  Lakeside Commons              10
9        South   Magnolia Market              10
10       North       Cedar Plaza               9
11     Central      River Market               8
12        West    Desert Springs               7
13        East     Pine Crossing               6
14       South    Bayou Crossing               5
2026-09-16 11:05:38 | INFO | P05 | -------------------------------
2026-09-16 11:05:38 | INFO | P05 | 06. VISUALIZE the query result with Python.
2026-09-16 11:05:38 | INFO | P05 | -------------------------------
2026-09-16 11:05:38 | INFO | P05 | 
The query result has one numeric value
(employee count) for each store.

A bar chart works for comparing
a numeric value across named categories.
Every pandas df has a
plot.box() method for creating box plots.

2026-09-16 11:05:38 | INFO | P05 | Chart saved successfully at docs/images/first-chart.png.
2026-09-16 11:05:38 | INFO | P05 | -------------------------------
2026-09-16 11:05:38 | INFO | P05 | 07. SUMMARIZE what you found.
2026-09-16 11:05:38 | INFO | P05 | -------------------------------
2026-09-16 11:05:38 | INFO | P05 | CUSTOM OBSERVATIONS:
    The SQL query connected information from
    the regions, stores, and employees tables.

    The result has one row per store.

    I observed ...

    Based on this result, I would next like to explore ...
    
2026-09-16 11:05:38 | INFO | P05 | -------------------------------
2026-09-16 11:05:38 | INFO | P05 | 08. DISPLAY the visualization.
2026-09-16 11:05:38 | INFO | P05 | -------------------------------
2026-09-16 11:05:38 | INFO | P05 | In a script, call plt.show() at the end to display all charts.
2026-09-16 11:05:38 | INFO | P05 | Close all chart windows (with the close button) to continue.
2026-09-16 11:05:41 | INFO | P05 | ===================================
2026-09-16 11:05:41 | INFO | P05 | END main() - Executed successfully!
2026-09-16 11:05:41 | INFO | P05 | ===================================
2026-09-16 11:07:03 | INFO | P05 | === RUN START ===
2026-09-16 11:07:03 | INFO | P05 | project=P05 - PYTHON AND SQL
2026-09-16 11:07:03 | INFO | P05 | repo_dir=datafun-05-sql
2026-09-16 11:07:03 | INFO | P05 | python=3.14.7
2026-09-16 11:07:03 | INFO | P05 | os=Darwin 23.5.0
2026-09-16 11:07:03 | INFO | P05 | shell=zsh
2026-09-16 11:07:03 | INFO | P05 | cwd=.
2026-09-16 11:07:03 | INFO | P05 | github_actions=False
2026-09-16 11:07:03 | INFO | P05 | ===================================
2026-09-16 11:07:03 | INFO | P05 | START main()
2026-09-16 11:07:03 | INFO | P05 | ===================================
2026-09-16 11:07:03 | INFO | P05 | -------------------------------
2026-09-16 11:07:03 | INFO | P05 | 01. LOAD the related tables.
2026-09-16 11:07:03 | INFO | P05 | -------------------------------
2026-09-16 11:07:03 | INFO | P05 | regions file = data/retail/region.csv
2026-09-16 11:07:03 | INFO | P05 | stores file = data/retail/store.csv
2026-09-16 11:07:03 | INFO | P05 | employees file = data/retail/employee.csv
2026-09-16 11:07:03 | INFO | P05 | Related tables loaded successfully.
2026-09-16 11:07:03 | INFO | P05 | -------------------------------
2026-09-16 11:07:03 | INFO | P05 | 02. INSPECT the grain and keys.
2026-09-16 11:07:03 | INFO | P05 | -------------------------------
2026-09-16 11:07:03 | INFO | P05 | Regions grain: one business region
2026-09-16 11:07:03 | INFO | P05 | Stores grain: one store
2026-09-16 11:07:03 | INFO | P05 | Employees grain: one employee
2026-09-16 11:07:03 | INFO | P05 | Regions columns: ['region_id', 'region_name']
2026-09-16 11:07:03 | INFO | P05 | Stores columns: ['store_id', 'store_name', 'region_id', 'store_type', 'square_feet']
2026-09-16 11:07:03 | INFO | P05 | Employees columns: ['employee_id', 'employee_name', 'store_id', 'role', 'years_employed']
2026-09-16 11:07:03 | INFO | P05 | 
The data is stored in three related tables.

One region can have many stores.
The stores table uses region_id to identify each store's region.

One store can have many employees.
The employees table uses store_id to identify each employee's store.

The shared keys connect information stored in different tables.

2026-09-16 11:07:03 | INFO | P05 | -------------------------------
2026-09-16 11:07:03 | INFO | P05 | 03. CREATE a SQLite database.
2026-09-16 11:07:03 | INFO | P05 | -------------------------------
2026-09-16 11:07:03 | INFO | P05 | SQLite database = data/retail/business.sqlite
2026-09-16 11:07:03 | INFO | P05 | SQLite database connection created.
2026-09-16 11:07:03 | INFO | P05 | -------------------------------
2026-09-16 11:07:03 | INFO | P05 | 04. LOAD the tables into SQLite.
2026-09-16 11:07:03 | INFO | P05 | -------------------------------
2026-09-16 11:07:03 | INFO | P05 | Related tables loaded into SQLite.
2026-09-16 11:07:03 | INFO | P05 | -------------------------------
2026-09-16 11:07:03 | INFO | P05 | 05. QUERY across related tables with SQL.
2026-09-16 11:07:03 | INFO | P05 | -------------------------------
2026-09-16 11:07:03 | INFO | P05 | 
I want to compare the number of employees working at each store.
The result should have one row per store.

The information I need requires all three tables:
 - region name is in regions,
 - store name is in stores,
 - employee info is in employees.

2026-09-16 11:07:03 | INFO | P05 | 
SQL query:

SELECT
    r.region_name,
    s.store_name,
    COUNT(e.employee_id) AS employee_count
FROM regions AS r
JOIN stores AS s
    ON r.region_id = s.region_id
LEFT JOIN employees AS e
    ON s.store_id = e.store_id
GROUP BY
    r.region_name,
    s.store_name
ORDER BY
    employee_count DESC;

2026-09-16 11:07:03 | INFO | P05 | 
Query result:
   region_name        store_name  employee_count
0         West     Coastal Plaza              18
1        South  Peachtree Center              17
2         East      Maple Square              15
3        South   Sunrise Commons              14
4      Central    Prairie Center              13
5         West     Canyon Center              13
6        North         Northgate              12
7         East      Harbor Point              11
8      Central  Lakeside Commons              10
9        South   Magnolia Market              10
10       North       Cedar Plaza               9
11     Central      River Market               8
12        West    Desert Springs               7
13        East     Pine Crossing               6
14       South    Bayou Crossing               5
2026-09-16 11:07:03 | INFO | P05 | -------------------------------
2026-09-16 11:07:03 | INFO | P05 | 06. VISUALIZE the query result with Python.
2026-09-16 11:07:03 | INFO | P05 | -------------------------------
2026-09-16 11:07:03 | INFO | P05 | 
The query result has one numeric value
(employee count) for each store.

A bar chart works for comparing
a numeric value across named categories.
Every pandas df has a
plot.box() method for creating box plots.

2026-09-16 11:07:04 | INFO | P05 | Chart saved successfully at docs/images/first-chart.png.
2026-09-16 11:07:04 | INFO | P05 | -------------------------------
2026-09-16 11:07:04 | INFO | P05 | 07. SUMMARIZE what you found.
2026-09-16 11:07:04 | INFO | P05 | -------------------------------
2026-09-16 11:07:04 | INFO | P05 | CUSTOM OBSERVATIONS:
    The SQL query connected information from
    the regions, stores, and employees tables.

    The result has one row per store.

    I observed ...

    Based on this result, I would next like to explore ...
    
2026-09-16 11:07:04 | INFO | P05 | -------------------------------
2026-09-16 11:07:04 | INFO | P05 | 08. DISPLAY the visualization.
2026-09-16 11:07:04 | INFO | P05 | -------------------------------
2026-09-16 11:07:04 | INFO | P05 | In a script, call plt.show() at the end to display all charts.
2026-09-16 11:07:04 | INFO | P05 | Close all chart windows (with the close button) to continue.
2026-09-16 11:07:06 | INFO | P05 | ===================================
2026-09-16 11:07:06 | INFO | P05 | END main() - Executed successfully!
2026-09-16 11:07:06 | INFO | P05 | ===================================
2026-09-17 11:54:04 | INFO | P05 | === RUN START ===
2026-09-17 11:54:04 | INFO | P05 | project=P05 - PYTHON AND SQL
2026-09-17 11:54:04 | INFO | P05 | repo_dir=datafun-05-sql
2026-09-17 11:54:04 | INFO | P05 | python=3.14.7
2026-09-17 11:54:04 | INFO | P05 | os=Darwin 23.5.0
2026-09-17 11:54:04 | INFO | P05 | shell=zsh
2026-09-17 11:54:04 | INFO | P05 | cwd=.
2026-09-17 11:54:04 | INFO | P05 | github_actions=False
2026-09-17 11:54:04 | INFO | P05 | ===================================
2026-09-17 11:54:04 | INFO | P05 | START main()
2026-09-17 11:54:04 | INFO | P05 | ===================================
2026-09-17 11:54:04 | INFO | P05 | -------------------------------
2026-09-17 11:54:04 | INFO | P05 | 01. LOAD the related tables.
2026-09-17 11:54:04 | INFO | P05 | -------------------------------
2026-09-17 11:54:04 | INFO | P05 | regions file = data/retail/region.csv
2026-09-17 11:54:04 | INFO | P05 | stores file = data/retail/store.csv
2026-09-17 11:54:04 | INFO | P05 | employees file = data/retail/employee.csv
2026-09-17 11:56:23 | INFO | P05 | === RUN START ===
2026-09-17 11:56:23 | INFO | P05 | project=P05 - PYTHON AND SQL
2026-09-17 11:56:23 | INFO | P05 | repo_dir=datafun-05-sql
2026-09-17 11:56:23 | INFO | P05 | python=3.14.7
2026-09-17 11:56:23 | INFO | P05 | os=Darwin 23.5.0
2026-09-17 11:56:23 | INFO | P05 | shell=zsh
2026-09-17 11:56:23 | INFO | P05 | cwd=.
2026-09-17 11:56:23 | INFO | P05 | github_actions=False
2026-09-17 11:56:23 | INFO | P05 | ===================================
2026-09-17 11:56:23 | INFO | P05 | START main()
2026-09-17 11:56:23 | INFO | P05 | ===================================
2026-09-17 11:56:23 | INFO | P05 | -------------------------------
2026-09-17 11:56:23 | INFO | P05 | 01. LOAD the related tables.
2026-09-17 11:56:23 | INFO | P05 | -------------------------------
2026-09-17 11:56:23 | INFO | P05 | regions file = data/retail/region.csv
2026-09-17 11:56:23 | INFO | P05 | stores file = data/retail/store.csv
2026-09-17 11:56:23 | INFO | P05 | employees file = data/retail/employee.csv
2026-09-17 11:59:58 | INFO | P05 | === RUN START ===
2026-09-17 11:59:58 | INFO | P05 | project=P05 - PYTHON AND SQL
2026-09-17 11:59:58 | INFO | P05 | repo_dir=datafun-05-sql
2026-09-17 11:59:58 | INFO | P05 | python=3.14.7
2026-09-17 11:59:58 | INFO | P05 | os=Darwin 23.5.0
2026-09-17 11:59:58 | INFO | P05 | shell=zsh
2026-09-17 11:59:58 | INFO | P05 | cwd=.
2026-09-17 11:59:58 | INFO | P05 | github_actions=False
2026-09-17 11:59:58 | INFO | P05 | ===================================
2026-09-17 11:59:58 | INFO | P05 | START main()
2026-09-17 11:59:58 | INFO | P05 | ===================================
2026-09-17 11:59:58 | INFO | P05 | -------------------------------
2026-09-17 11:59:58 | INFO | P05 | 01. LOAD the related tables.
2026-09-17 11:59:58 | INFO | P05 | -------------------------------
2026-09-17 11:59:58 | INFO | P05 | regions file = data/retail/region.csv
2026-09-17 11:59:58 | INFO | P05 | stores file = data/retail/store.csv
2026-09-17 11:59:58 | INFO | P05 | employees file = data/retail/employee.csv
2026-09-17 11:59:58 | INFO | P05 | clinic file = data/health/clinics.csv
2026-09-17 11:59:58 | INFO | P05 | clinic file = data/health/clinics.csv
2026-09-17 11:59:58 | INFO | P05 | lab results file = data/health/lab_result.csv
2026-09-17 11:59:58 | INFO | P05 | patient file = data/health/patient.csv
2026-09-17 11:59:58 | INFO | P05 | visit file = data/health/visit
2026-09-17 12:06:16 | INFO | P05 | === RUN START ===
2026-09-17 12:06:16 | INFO | P05 | project=P05 - PYTHON AND SQL
2026-09-17 12:06:16 | INFO | P05 | repo_dir=datafun-05-sql
2026-09-17 12:06:16 | INFO | P05 | python=3.14.7
2026-09-17 12:06:16 | INFO | P05 | os=Darwin 23.5.0
2026-09-17 12:06:16 | INFO | P05 | shell=zsh
2026-09-17 12:06:16 | INFO | P05 | cwd=.
2026-09-17 12:06:16 | INFO | P05 | github_actions=False
2026-09-17 12:06:16 | INFO | P05 | ===================================
2026-09-17 12:06:16 | INFO | P05 | START main()
2026-09-17 12:06:16 | INFO | P05 | ===================================
2026-09-17 12:06:16 | INFO | P05 | -------------------------------
2026-09-17 12:06:16 | INFO | P05 | 01. LOAD the related tables.
2026-09-17 12:06:16 | INFO | P05 | -------------------------------
2026-09-17 12:06:16 | INFO | P05 | regions file = data/retail/region.csv
2026-09-17 12:06:16 | INFO | P05 | stores file = data/retail/store.csv
2026-09-17 12:06:16 | INFO | P05 | employees file = data/retail/employee.csv
2026-09-17 12:06:16 | INFO | P05 | clinic file = clinics.csv
2026-09-17 12:06:16 | INFO | P05 | lab results file = lab_result.csv
2026-09-17 12:06:16 | INFO | P05 | patient file = dpatient.csv
2026-09-17 12:06:16 | INFO | P05 | visit file = health/visit
2026-09-17 12:08:07 | INFO | P05 | === RUN START ===
2026-09-17 12:08:07 | INFO | P05 | project=P05 - PYTHON AND SQL
2026-09-17 12:08:07 | INFO | P05 | repo_dir=datafun-05-sql
2026-09-17 12:08:07 | INFO | P05 | python=3.14.7
2026-09-17 12:08:07 | INFO | P05 | os=Darwin 23.5.0
2026-09-17 12:08:07 | INFO | P05 | shell=zsh
2026-09-17 12:08:07 | INFO | P05 | cwd=.
2026-09-17 12:08:07 | INFO | P05 | github_actions=False
2026-09-17 12:08:07 | INFO | P05 | ===================================
2026-09-17 12:08:07 | INFO | P05 | START main()
2026-09-17 12:08:07 | INFO | P05 | ===================================
2026-09-17 12:08:07 | INFO | P05 | -------------------------------
2026-09-17 12:08:07 | INFO | P05 | 01. LOAD the related tables.
2026-09-17 12:08:07 | INFO | P05 | -------------------------------
2026-09-17 12:08:07 | INFO | P05 | regions file = data/retail/region.csv
2026-09-17 12:08:07 | INFO | P05 | stores file = data/retail/store.csv
2026-09-17 12:08:07 | INFO | P05 | employees file = data/retail/employee.csv
2026-09-17 12:08:07 | INFO | P05 | clinic file = clinics.csv
2026-09-17 12:08:07 | INFO | P05 | lab results file = lab_result.csv
2026-09-17 12:08:07 | INFO | P05 | patient file = dpatient.csv
2026-09-17 12:08:07 | INFO | P05 | visit file = health/visit
2026-09-17 12:09:52 | INFO | P05 | === RUN START ===
2026-09-17 12:09:52 | INFO | P05 | project=P05 - PYTHON AND SQL
2026-09-17 12:09:52 | INFO | P05 | repo_dir=datafun-05-sql
2026-09-17 12:09:52 | INFO | P05 | python=3.14.7
2026-09-17 12:09:52 | INFO | P05 | os=Darwin 23.5.0
2026-09-17 12:09:52 | INFO | P05 | shell=zsh
2026-09-17 12:09:52 | INFO | P05 | cwd=.
2026-09-17 12:09:52 | INFO | P05 | github_actions=False
2026-09-17 12:09:52 | INFO | P05 | ===================================
2026-09-17 12:09:52 | INFO | P05 | START main()
2026-09-17 12:09:52 | INFO | P05 | ===================================
2026-09-17 12:09:52 | INFO | P05 | -------------------------------
2026-09-17 12:09:52 | INFO | P05 | 01. LOAD the related tables.
2026-09-17 12:09:52 | INFO | P05 | -------------------------------
2026-09-17 12:09:52 | INFO | P05 | regions file = data/retail/region.csv
2026-09-17 12:09:52 | INFO | P05 | stores file = data/retail/store.csv
2026-09-17 12:09:52 | INFO | P05 | employees file = data/retail/employee.csv
2026-09-17 12:09:52 | INFO | P05 | clinic file = clinics.csv
2026-09-17 12:09:52 | INFO | P05 | lab results file = lab_result.csv
2026-09-17 12:09:52 | INFO | P05 | patient file = dpatient.csv
2026-09-17 12:09:52 | INFO | P05 | visit file = health/visit
2026-09-17 12:12:38 | INFO | P05 | === RUN START ===
2026-09-17 12:12:38 | INFO | P05 | project=P05 - PYTHON AND SQL
2026-09-17 12:12:38 | INFO | P05 | repo_dir=datafun-05-sql
2026-09-17 12:12:38 | INFO | P05 | python=3.14.7
2026-09-17 12:12:38 | INFO | P05 | os=Darwin 23.5.0
2026-09-17 12:12:38 | INFO | P05 | shell=zsh
2026-09-17 12:12:38 | INFO | P05 | cwd=.
2026-09-17 12:12:38 | INFO | P05 | github_actions=False
2026-09-17 12:12:38 | INFO | P05 | ===================================
2026-09-17 12:12:38 | INFO | P05 | START main()
2026-09-17 12:12:38 | INFO | P05 | ===================================
2026-09-17 12:12:38 | INFO | P05 | -------------------------------
2026-09-17 12:12:38 | INFO | P05 | 01. LOAD the related tables.
2026-09-17 12:12:38 | INFO | P05 | -------------------------------
2026-09-17 12:12:38 | INFO | P05 | regions file = data/retail/region.csv
2026-09-17 12:12:38 | INFO | P05 | stores file = data/retail/store.csv
2026-09-17 12:12:38 | INFO | P05 | employees file = data/retail/employee.csv
2026-09-17 12:12:38 | INFO | P05 | clinic file = clinics.csv
2026-09-17 12:12:38 | INFO | P05 | lab results file = lab_result.csv
2026-09-17 12:12:38 | INFO | P05 | patient file = dpatient.csv
2026-09-17 12:12:38 | INFO | P05 | visit file = health/visit
2026-09-17 12:17:20 | INFO | P05 | === RUN START ===
2026-09-17 12:17:20 | INFO | P05 | project=P05 - PYTHON AND SQL
2026-09-17 12:17:20 | INFO | P05 | repo_dir=datafun-05-sql
2026-09-17 12:17:20 | INFO | P05 | python=3.14.7
2026-09-17 12:17:20 | INFO | P05 | os=Darwin 23.5.0
2026-09-17 12:17:20 | INFO | P05 | shell=zsh
2026-09-17 12:17:20 | INFO | P05 | cwd=.
2026-09-17 12:17:20 | INFO | P05 | github_actions=False
2026-09-17 12:17:20 | INFO | P05 | ===================================
2026-09-17 12:17:20 | INFO | P05 | START main()
2026-09-17 12:17:20 | INFO | P05 | ===================================
2026-09-17 12:17:20 | INFO | P05 | -------------------------------
2026-09-17 12:17:20 | INFO | P05 | 01. LOAD the related tables.
2026-09-17 12:17:20 | INFO | P05 | -------------------------------
2026-09-17 12:17:20 | INFO | P05 | regions file = data/retail/region.csv
2026-09-17 12:17:20 | INFO | P05 | stores file = data/retail/store.csv
2026-09-17 12:17:20 | INFO | P05 | employees file = data/retail/employee.csv
2026-09-17 12:17:20 | INFO | P05 | clinic file = clinic.csv
2026-09-17 12:17:20 | INFO | P05 | lab results file = lab_result.csv
2026-09-17 12:17:20 | INFO | P05 | patient file = dpatient.csv
2026-09-17 12:17:20 | INFO | P05 | visit file = health/visit
2026-09-17 12:21:42 | INFO | P05 | === RUN START ===
2026-09-17 12:21:42 | INFO | P05 | project=P05 - PYTHON AND SQL
2026-09-17 12:21:42 | INFO | P05 | repo_dir=datafun-05-sql
2026-09-17 12:21:42 | INFO | P05 | python=3.14.7
2026-09-17 12:21:42 | INFO | P05 | os=Darwin 23.5.0
2026-09-17 12:21:42 | INFO | P05 | shell=zsh
2026-09-17 12:21:42 | INFO | P05 | cwd=.
2026-09-17 12:21:42 | INFO | P05 | github_actions=False
2026-09-17 12:21:42 | INFO | P05 | ===================================
2026-09-17 12:21:42 | INFO | P05 | START main()
2026-09-17 12:21:42 | INFO | P05 | ===================================
2026-09-17 12:21:42 | INFO | P05 | -------------------------------
2026-09-17 12:21:42 | INFO | P05 | 01. LOAD the related tables.
2026-09-17 12:21:42 | INFO | P05 | -------------------------------
2026-09-17 12:21:42 | INFO | P05 | regions file = data/retail/region.csv
2026-09-17 12:21:42 | INFO | P05 | stores file = data/retail/store.csv
2026-09-17 12:21:42 | INFO | P05 | employees file = data/retail/employee.csv
2026-09-17 12:21:42 | INFO | P05 | clinic file = data/health/clinic.csv
2026-09-17 12:21:42 | INFO | P05 | lab results file = data/health/lab_result.csv
2026-09-17 12:21:42 | INFO | P05 | patient file = data/health/patient.csv
2026-09-17 12:21:42 | INFO | P05 | visit file = data/health/visit.csv
2026-09-17 12:21:42 | INFO | P05 | Related tables loaded successfully.
2026-09-17 12:21:42 | INFO | P05 | -------------------------------
2026-09-17 12:21:42 | INFO | P05 | 02. INSPECT the grain and keys.
2026-09-17 12:21:42 | INFO | P05 | -------------------------------
2026-09-17 12:21:42 | INFO | P05 | Regions grain: one business region
2026-09-17 12:21:42 | INFO | P05 | Stores grain: one store
2026-09-17 12:21:42 | INFO | P05 | Employees grain: one employee
2026-09-17 12:21:42 | INFO | P05 | Regions columns: ['region_id', 'region_name']
2026-09-17 12:21:42 | INFO | P05 | Stores columns: ['store_id', 'store_name', 'region_id', 'store_type', 'square_feet']
2026-09-17 12:21:42 | INFO | P05 | Employees columns: ['employee_id', 'employee_name', 'store_id', 'role', 'years_employed']
2026-09-17 12:21:42 | INFO | P05 | 
The data is stored in three related tables.

One region can have many stores.
The stores table uses region_id to identify each store's region.

One store can have many employees.
The employees table uses store_id to identify each employee's store.

The shared keys connect information stored in different tables.

2026-09-17 12:21:42 | INFO | P05 | -------------------------------
2026-09-17 12:21:42 | INFO | P05 | 03. CREATE a SQLite database.
2026-09-17 12:21:42 | INFO | P05 | -------------------------------
2026-09-17 12:21:42 | INFO | P05 | SQLite database = data/retail/business.sqlite
2026-09-17 12:24:15 | INFO | P05 | === RUN START ===
2026-09-17 12:24:15 | INFO | P05 | project=P05 - PYTHON AND SQL
2026-09-17 12:24:15 | INFO | P05 | repo_dir=datafun-05-sql
2026-09-17 12:24:15 | INFO | P05 | python=3.14.7
2026-09-17 12:24:15 | INFO | P05 | os=Darwin 23.5.0
2026-09-17 12:24:15 | INFO | P05 | shell=zsh
2026-09-17 12:24:15 | INFO | P05 | cwd=.
2026-09-17 12:24:15 | INFO | P05 | github_actions=False
2026-09-17 12:24:15 | INFO | P05 | ===================================
2026-09-17 12:24:15 | INFO | P05 | START main()
2026-09-17 12:24:15 | INFO | P05 | ===================================
2026-09-17 12:24:15 | INFO | P05 | -------------------------------
2026-09-17 12:24:15 | INFO | P05 | 01. LOAD the related tables.
2026-09-17 12:24:15 | INFO | P05 | -------------------------------
2026-09-17 12:24:15 | INFO | P05 | regions file = data/retail/region.csv
2026-09-17 12:24:15 | INFO | P05 | stores file = data/retail/store.csv
2026-09-17 12:24:15 | INFO | P05 | employees file = data/retail/employee.csv
2026-09-17 12:24:15 | INFO | P05 | clinic file = data/health/clinic.csv
2026-09-17 12:24:15 | INFO | P05 | lab results file = data/health/lab_result.csv
2026-09-17 12:24:15 | INFO | P05 | patient file = data/health/patient.csv
2026-09-17 12:24:15 | INFO | P05 | visit file = data/health/visit.csv
2026-09-17 12:24:15 | INFO | P05 | Related tables loaded successfully.
2026-09-17 12:24:15 | INFO | P05 | -------------------------------
2026-09-17 12:24:15 | INFO | P05 | 02. INSPECT the grain and keys.
2026-09-17 12:24:15 | INFO | P05 | -------------------------------
2026-09-17 12:24:15 | INFO | P05 | Regions grain: one business region
2026-09-17 12:24:15 | INFO | P05 | Stores grain: one store
2026-09-17 12:24:15 | INFO | P05 | Employees grain: one employee
2026-09-17 12:24:15 | INFO | P05 | Regions columns: ['region_id', 'region_name']
2026-09-17 12:24:15 | INFO | P05 | Stores columns: ['store_id', 'store_name', 'region_id', 'store_type', 'square_feet']
2026-09-17 12:24:15 | INFO | P05 | Employees columns: ['employee_id', 'employee_name', 'store_id', 'role', 'years_employed']
2026-09-17 12:24:15 | INFO | P05 | 
The data is stored in three related tables.

One region can have many stores.
The stores table uses region_id to identify each store's region.

One store can have many employees.
The employees table uses store_id to identify each employee's store.

The shared keys connect information stored in different tables.

2026-09-17 12:24:15 | INFO | P05 | -------------------------------
2026-09-17 12:24:15 | INFO | P05 | 03. CREATE a SQLite database.
2026-09-17 12:24:15 | INFO | P05 | -------------------------------
2026-09-17 12:24:15 | INFO | P05 | SQLite database = data/retail/business.sqlite
2026-09-17 12:24:15 | INFO | P05 | SQLite database = health.sqlite
2026-09-17 12:24:15 | INFO | P05 | SQLite database connection created.
2026-09-17 12:24:15 | INFO | P05 | -------------------------------
2026-09-17 12:24:15 | INFO | P05 | 04. LOAD the tables into SQLite.
2026-09-17 12:24:15 | INFO | P05 | -------------------------------
2026-09-17 12:24:15 | INFO | P05 | Related tables loaded into SQLite.
2026-09-17 12:24:15 | INFO | P05 | -------------------------------
2026-09-17 12:24:15 | INFO | P05 | 05. QUERY across related tables with SQL.
2026-09-17 12:24:15 | INFO | P05 | -------------------------------
2026-09-17 12:24:15 | INFO | P05 | 
I want to compare the number of employees working at each store.
The result should have one row per store.

The information I need requires all three tables:
 - region name is in regions,
 - store name is in stores,
 - employee info is in employees.

2026-09-17 12:24:15 | INFO | P05 | 
SQL query:

SELECT
    r.region_name,
    s.store_name,
    COUNT(e.employee_id) AS employee_count
FROM regions AS r
JOIN stores AS s
    ON r.region_id = s.region_id
LEFT JOIN employees AS e
    ON s.store_id = e.store_id
GROUP BY
    r.region_name,
    s.store_name
ORDER BY
    employee_count DESC;

2026-09-17 12:27:14 | INFO | P05 | === RUN START ===
2026-09-17 12:27:14 | INFO | P05 | project=P05 - PYTHON AND SQL
2026-09-17 12:27:14 | INFO | P05 | repo_dir=datafun-05-sql
2026-09-17 12:27:14 | INFO | P05 | python=3.14.7
2026-09-17 12:27:14 | INFO | P05 | os=Darwin 23.5.0
2026-09-17 12:27:14 | INFO | P05 | shell=zsh
2026-09-17 12:27:14 | INFO | P05 | cwd=.
2026-09-17 12:27:14 | INFO | P05 | github_actions=False
2026-09-17 12:27:14 | INFO | P05 | ===================================
2026-09-17 12:27:14 | INFO | P05 | START main()
2026-09-17 12:27:14 | INFO | P05 | ===================================
2026-09-17 12:27:14 | INFO | P05 | -------------------------------
2026-09-17 12:27:14 | INFO | P05 | 01. LOAD the related tables.
2026-09-17 12:27:14 | INFO | P05 | -------------------------------
2026-09-17 12:27:14 | INFO | P05 | regions file = data/retail/region.csv
2026-09-17 12:27:14 | INFO | P05 | stores file = data/retail/store.csv
2026-09-17 12:27:14 | INFO | P05 | employees file = data/retail/employee.csv
2026-09-17 12:27:14 | INFO | P05 | clinic file = data/health/clinic.csv
2026-09-17 12:27:14 | INFO | P05 | lab results file = data/health/lab_result.csv
2026-09-17 12:27:14 | INFO | P05 | patient file = data/health/patient.csv
2026-09-17 12:27:14 | INFO | P05 | visit file = data/health/visit.csv
2026-09-17 12:27:14 | INFO | P05 | Related tables loaded successfully.
2026-09-17 12:27:14 | INFO | P05 | -------------------------------
2026-09-17 12:27:14 | INFO | P05 | 02. INSPECT the grain and keys.
2026-09-17 12:27:14 | INFO | P05 | -------------------------------
2026-09-17 12:27:14 | INFO | P05 | Regions grain: one business region
2026-09-17 12:27:14 | INFO | P05 | Stores grain: one store
2026-09-17 12:27:14 | INFO | P05 | Employees grain: one employee
2026-09-17 12:27:14 | INFO | P05 | Regions columns: ['region_id', 'region_name']
2026-09-17 12:27:14 | INFO | P05 | Stores columns: ['store_id', 'store_name', 'region_id', 'store_type', 'square_feet']
2026-09-17 12:27:14 | INFO | P05 | Employees columns: ['employee_id', 'employee_name', 'store_id', 'role', 'years_employed']
2026-09-17 12:27:14 | INFO | P05 | 
The data is stored in three related tables.

One region can have many stores.
The stores table uses region_id to identify each store's region.

One store can have many employees.
The employees table uses store_id to identify each employee's store.

The shared keys connect information stored in different tables.

2026-09-17 12:27:14 | INFO | P05 | -------------------------------
2026-09-17 12:27:14 | INFO | P05 | 03. CREATE a SQLite database.
2026-09-17 12:27:14 | INFO | P05 | -------------------------------
2026-09-17 12:27:14 | INFO | P05 | SQLite database = data/retail/business.sqlite
2026-09-17 12:27:14 | INFO | P05 | SQLite database = health.sqlite
2026-09-17 12:27:14 | INFO | P05 | SQLite database connection created.
2026-09-17 12:27:14 | INFO | P05 | -------------------------------
2026-09-17 12:27:14 | INFO | P05 | 04. LOAD the tables into SQLite.
2026-09-17 12:27:14 | INFO | P05 | -------------------------------
2026-09-17 12:27:14 | INFO | P05 | Related tables loaded into SQLite.
2026-09-17 12:27:14 | INFO | P05 | -------------------------------
2026-09-17 12:27:14 | INFO | P05 | 05. QUERY across related tables with SQL.
2026-09-17 12:27:14 | INFO | P05 | -------------------------------
2026-09-17 12:27:14 | INFO | P05 | 
I want to compare the number of employees working at each store.
The result should have one row per store.

The information I need requires all three tables:
 - region name is in regions,
 - store name is in stores,
 - employee info is in employees.

2026-09-17 12:27:14 | INFO | P05 | 
SQL query:

SELECT
    r.region_name,
    s.store_name,
    COUNT(e.employee_id) AS employee_count
FROM regions AS r
JOIN stores AS s
    ON r.region_id = s.region_id
LEFT JOIN employees AS e
    ON s.store_id = e.store_id
GROUP BY
    r.region_name,
    s.store_name
ORDER BY
    employee_count DESC;

2026-09-17 12:28:58 | INFO | P05 | === RUN START ===
2026-09-17 12:28:58 | INFO | P05 | project=P05 - PYTHON AND SQL
2026-09-17 12:28:58 | INFO | P05 | repo_dir=datafun-05-sql
2026-09-17 12:28:58 | INFO | P05 | python=3.14.7
2026-09-17 12:28:58 | INFO | P05 | os=Darwin 23.5.0
2026-09-17 12:28:58 | INFO | P05 | shell=zsh
2026-09-17 12:28:58 | INFO | P05 | cwd=.
2026-09-17 12:28:58 | INFO | P05 | github_actions=False
2026-09-17 12:28:58 | INFO | P05 | ===================================
2026-09-17 12:28:58 | INFO | P05 | START main()
2026-09-17 12:28:58 | INFO | P05 | ===================================
2026-09-17 12:28:58 | INFO | P05 | -------------------------------
2026-09-17 12:28:58 | INFO | P05 | 01. LOAD the related tables.
2026-09-17 12:28:58 | INFO | P05 | -------------------------------
2026-09-17 12:28:58 | INFO | P05 | regions file = data/retail/region.csv
2026-09-17 12:28:58 | INFO | P05 | stores file = data/retail/store.csv
2026-09-17 12:28:58 | INFO | P05 | employees file = data/retail/employee.csv
2026-09-17 12:28:58 | INFO | P05 | clinic file = data/health/clinic.csv
2026-09-17 12:28:58 | INFO | P05 | lab results file = data/health/lab_result.csv
2026-09-17 12:28:58 | INFO | P05 | patient file = data/health/patient.csv
2026-09-17 12:28:58 | INFO | P05 | visit file = data/health/visit.csv
2026-09-17 12:28:58 | INFO | P05 | Related tables loaded successfully.
2026-09-17 12:28:58 | INFO | P05 | -------------------------------
2026-09-17 12:28:58 | INFO | P05 | 02. INSPECT the grain and keys.
2026-09-17 12:28:58 | INFO | P05 | -------------------------------
2026-09-17 12:28:58 | INFO | P05 | Regions grain: one business region
2026-09-17 12:28:58 | INFO | P05 | Stores grain: one store
2026-09-17 12:28:58 | INFO | P05 | Employees grain: one employee
2026-09-17 12:28:58 | INFO | P05 | Regions columns: ['region_id', 'region_name']
2026-09-17 12:28:58 | INFO | P05 | Stores columns: ['store_id', 'store_name', 'region_id', 'store_type', 'square_feet']
2026-09-17 12:28:58 | INFO | P05 | Employees columns: ['employee_id', 'employee_name', 'store_id', 'role', 'years_employed']
2026-09-17 12:28:58 | INFO | P05 | 
The data is stored in three related tables.

One region can have many stores.
The stores table uses region_id to identify each store's region.

One store can have many employees.
The employees table uses store_id to identify each employee's store.

The shared keys connect information stored in different tables.

2026-09-17 12:28:58 | INFO | P05 | -------------------------------
2026-09-17 12:28:58 | INFO | P05 | 03. CREATE a SQLite database.
2026-09-17 12:28:58 | INFO | P05 | -------------------------------
2026-09-17 12:28:58 | INFO | P05 | SQLite database = data/retail/business.sqlite
2026-09-17 12:28:58 | INFO | P05 | SQLite database = health.sqlite
2026-09-17 12:28:58 | INFO | P05 | SQLite database connection created.
2026-09-17 12:28:58 | INFO | P05 | -------------------------------
2026-09-17 12:28:58 | INFO | P05 | 04. LOAD the tables into SQLite.
2026-09-17 12:28:58 | INFO | P05 | -------------------------------
2026-09-17 12:28:58 | INFO | P05 | Related tables loaded into SQLite.
2026-09-17 12:28:58 | INFO | P05 | -------------------------------
2026-09-17 12:28:58 | INFO | P05 | 05. QUERY across related tables with SQL.
2026-09-17 12:28:58 | INFO | P05 | -------------------------------
2026-09-17 12:28:58 | INFO | P05 | 
I want to compare the number of employees working at each store.
The result should have one row per store.

The information I need requires all three tables:
 - region name is in regions,
 - store name is in stores,
 - employee info is in employees.

2026-09-17 12:28:58 | INFO | P05 | 
SQL query:

SELECT
    r.region_name,
    s.store_name,
    COUNT(e.employee_id) AS employee_count
FROM regions AS r
JOIN stores AS s
    ON r.region_id = s.region_id
LEFT JOIN employees AS e
    ON s.store_id = e.store_id
GROUP BY
    r.region_name,
    s.store_name
ORDER BY
    employee_count DESC;

2026-09-17 12:34:37 | INFO | P05 | === RUN START ===
2026-09-17 12:34:37 | INFO | P05 | project=P05 - PYTHON AND SQL
2026-09-17 12:34:37 | INFO | P05 | repo_dir=datafun-05-sql
2026-09-17 12:34:37 | INFO | P05 | python=3.14.7
2026-09-17 12:34:37 | INFO | P05 | os=Darwin 23.5.0
2026-09-17 12:34:37 | INFO | P05 | shell=zsh
2026-09-17 12:34:37 | INFO | P05 | cwd=.
2026-09-17 12:34:37 | INFO | P05 | github_actions=False
2026-09-17 12:34:37 | INFO | P05 | ===================================
2026-09-17 12:34:37 | INFO | P05 | START main()
2026-09-17 12:34:37 | INFO | P05 | ===================================
2026-09-17 12:34:37 | INFO | P05 | -------------------------------
2026-09-17 12:34:37 | INFO | P05 | 01. LOAD the related tables.
2026-09-17 12:34:37 | INFO | P05 | -------------------------------
2026-09-17 12:34:37 | INFO | P05 | regions file = data/retail/region.csv
2026-09-17 12:34:37 | INFO | P05 | stores file = data/retail/store.csv
2026-09-17 12:34:37 | INFO | P05 | employees file = data/retail/employee.csv
2026-09-17 12:34:37 | INFO | P05 | clinic file = data/health/clinic.csv
2026-09-17 12:34:37 | INFO | P05 | lab results file = data/health/lab_result.csv
2026-09-17 12:34:37 | INFO | P05 | patient file = data/health/patient.csv
2026-09-17 12:34:37 | INFO | P05 | visit file = data/health/visit.csv
2026-09-17 12:34:37 | INFO | P05 | Related tables loaded successfully.
2026-09-17 12:34:37 | INFO | P05 | -------------------------------
2026-09-17 12:34:37 | INFO | P05 | 02. INSPECT the grain and keys.
2026-09-17 12:34:37 | INFO | P05 | -------------------------------
2026-09-17 12:34:37 | INFO | P05 | Regions grain: one business region
2026-09-17 12:34:37 | INFO | P05 | Stores grain: one store
2026-09-17 12:34:37 | INFO | P05 | Employees grain: one employee
2026-09-17 12:34:37 | INFO | P05 | Regions columns: ['region_id', 'region_name']
2026-09-17 12:34:37 | INFO | P05 | Stores columns: ['store_id', 'store_name', 'region_id', 'store_type', 'square_feet']
2026-09-17 12:34:37 | INFO | P05 | Employees columns: ['employee_id', 'employee_name', 'store_id', 'role', 'years_employed']
2026-09-17 12:34:37 | INFO | P05 | 
The data is stored in three related tables.

One region can have many stores.
The stores table uses region_id to identify each store's region.

One store can have many employees.
The employees table uses store_id to identify each employee's store.

The shared keys connect information stored in different tables.

2026-09-17 12:34:37 | INFO | P05 | -------------------------------
2026-09-17 12:34:37 | INFO | P05 | 03. CREATE a SQLite database.
2026-09-17 12:34:37 | INFO | P05 | -------------------------------
2026-09-17 12:34:37 | INFO | P05 | SQLite database = data/retail/business.sqlite
2026-09-17 12:34:37 | INFO | P05 | SQLite database = health.sqlite
2026-09-17 12:34:37 | INFO | P05 | SQLite database connection created.
2026-09-17 12:34:37 | INFO | P05 | -------------------------------
2026-09-17 12:34:37 | INFO | P05 | 04. LOAD the tables into SQLite.
2026-09-17 12:34:37 | INFO | P05 | -------------------------------
2026-09-17 12:34:37 | INFO | P05 | Related tables loaded into SQLite.
2026-09-17 12:34:37 | INFO | P05 | -------------------------------
2026-09-17 12:34:37 | INFO | P05 | 05. QUERY across related tables with SQL.
2026-09-17 12:34:37 | INFO | P05 | -------------------------------
2026-09-17 12:34:37 | INFO | P05 | 
I want to compare the number of employees working at each store.
The result should have one row per store.

The information I need requires all three tables:
 - region name is in regions,
 - store name is in stores,
 - employee info is in employees.

2026-09-17 12:34:37 | INFO | P05 | 
SQL query:

SELECT
    r.region_name,
    s.store_name,
    COUNT(e.employee_id) AS employee_count
FROM regions AS r
JOIN stores AS s
    ON r.region_id = s.region_id
LEFT JOIN employees AS e
    ON s.store_id = e.store_id
GROUP BY
    r.region_name,
    s.store_name
ORDER BY
    employee_count DESC;

2026-09-17 12:36:36 | INFO | P05 | === RUN START ===
2026-09-17 12:36:36 | INFO | P05 | project=P05 - PYTHON AND SQL
2026-09-17 12:36:36 | INFO | P05 | repo_dir=datafun-05-sql
2026-09-17 12:36:36 | INFO | P05 | python=3.14.7
2026-09-17 12:36:36 | INFO | P05 | os=Darwin 23.5.0
2026-09-17 12:36:36 | INFO | P05 | shell=zsh
2026-09-17 12:36:36 | INFO | P05 | cwd=.
2026-09-17 12:36:36 | INFO | P05 | github_actions=False
2026-09-17 12:36:36 | INFO | P05 | ===================================
2026-09-17 12:36:36 | INFO | P05 | START main()
2026-09-17 12:36:36 | INFO | P05 | ===================================
2026-09-17 12:36:36 | INFO | P05 | -------------------------------
2026-09-17 12:36:36 | INFO | P05 | 01. LOAD the related tables.
2026-09-17 12:36:36 | INFO | P05 | -------------------------------
2026-09-17 12:36:36 | INFO | P05 | regions file = data/retail/region.csv
2026-09-17 12:36:36 | INFO | P05 | stores file = data/retail/store.csv
2026-09-17 12:36:36 | INFO | P05 | employees file = data/retail/employee.csv
2026-09-17 12:36:36 | INFO | P05 | clinic file = data/health/clinic.csv
2026-09-17 12:36:36 | INFO | P05 | lab results file = data/health/lab_result.csv
2026-09-17 12:36:36 | INFO | P05 | patient file = data/health/patient.csv
2026-09-17 12:36:36 | INFO | P05 | visit file = data/health/visit.csv
2026-09-17 12:36:36 | INFO | P05 | Related tables loaded successfully.
2026-09-17 12:36:36 | INFO | P05 | -------------------------------
2026-09-17 12:36:36 | INFO | P05 | 02. INSPECT the grain and keys.
2026-09-17 12:36:36 | INFO | P05 | -------------------------------
2026-09-17 12:36:36 | INFO | P05 | Regions grain: one business region
2026-09-17 12:36:36 | INFO | P05 | Stores grain: one store
2026-09-17 12:36:36 | INFO | P05 | Employees grain: one employee
2026-09-17 12:36:36 | INFO | P05 | Regions columns: ['region_id', 'region_name']
2026-09-17 12:36:36 | INFO | P05 | Stores columns: ['store_id', 'store_name', 'region_id', 'store_type', 'square_feet']
2026-09-17 12:36:36 | INFO | P05 | Employees columns: ['employee_id', 'employee_name', 'store_id', 'role', 'years_employed']
2026-09-17 12:36:36 | INFO | P05 | 
The data is stored in three related tables.

One region can have many stores.
The stores table uses region_id to identify each store's region.

One store can have many employees.
The employees table uses store_id to identify each employee's store.

The shared keys connect information stored in different tables.

2026-09-17 12:36:36 | INFO | P05 | -------------------------------
2026-09-17 12:36:36 | INFO | P05 | 03. CREATE a SQLite database.
2026-09-17 12:36:36 | INFO | P05 | -------------------------------
2026-09-17 12:36:36 | INFO | P05 | SQLite database = data/retail/business.sqlite
2026-09-17 12:36:36 | INFO | P05 | SQLite database = health.sqlite
2026-09-17 12:36:36 | INFO | P05 | SQLite database connection created.
2026-09-17 12:36:36 | INFO | P05 | -------------------------------
2026-09-17 12:36:36 | INFO | P05 | 04. LOAD the tables into SQLite.
2026-09-17 12:36:36 | INFO | P05 | -------------------------------
2026-09-17 12:36:36 | INFO | P05 | Related tables loaded into SQLite.
2026-09-17 12:36:36 | INFO | P05 | -------------------------------
2026-09-17 12:36:36 | INFO | P05 | 05. QUERY across related tables with SQL.
2026-09-17 12:36:36 | INFO | P05 | -------------------------------
2026-09-17 12:36:36 | INFO | P05 | 
I want to compare the number of employees working at each store.
The result should have one row per store.

The information I need requires all three tables:
 - region name is in regions,
 - store name is in stores,
 - employee info is in employees.

2026-09-17 12:36:36 | INFO | P05 | 
SQL query:

SELECT
    r.region_name,
    s.store_name,
    COUNT(e.employee_id) AS employee_count
FROM regions AS r
JOIN stores AS s
    ON r.region_id = s.region_id
LEFT JOIN employees AS e
    ON s.store_id = e.store_id
GROUP BY
    r.region_name,
    s.store_name
ORDER BY
    employee_count DESC;

2026-09-17 12:45:15 | INFO | P05 | === RUN START ===
2026-09-17 12:45:15 | INFO | P05 | project=P05 - PYTHON AND SQL
2026-09-17 12:45:15 | INFO | P05 | repo_dir=datafun-05-sql
2026-09-17 12:45:15 | INFO | P05 | python=3.14.7
2026-09-17 12:45:15 | INFO | P05 | os=Darwin 23.5.0
2026-09-17 12:45:15 | INFO | P05 | shell=zsh
2026-09-17 12:45:15 | INFO | P05 | cwd=.
2026-09-17 12:45:15 | INFO | P05 | github_actions=False
2026-09-17 12:45:15 | INFO | P05 | ===================================
2026-09-17 12:45:15 | INFO | P05 | START main()
2026-09-17 12:45:15 | INFO | P05 | ===================================
2026-09-17 12:45:15 | INFO | P05 | -------------------------------
2026-09-17 12:45:15 | INFO | P05 | 01. LOAD the related tables.
2026-09-17 12:45:15 | INFO | P05 | -------------------------------
2026-09-17 12:45:15 | INFO | P05 | regions file = data/retail/region.csv
2026-09-17 12:45:15 | INFO | P05 | stores file = data/retail/store.csv
2026-09-17 12:45:15 | INFO | P05 | employees file = data/retail/employee.csv
2026-09-17 12:45:15 | INFO | P05 | clinic file = data/health/clinic.csv
2026-09-17 12:45:15 | INFO | P05 | lab results file = data/health/lab_result.csv
2026-09-17 12:45:15 | INFO | P05 | patient file = data/health/patient.csv
2026-09-17 12:45:15 | INFO | P05 | visit file = data/health/visit.csv
2026-09-17 12:45:15 | INFO | P05 | Related tables loaded successfully.
2026-09-17 12:45:15 | INFO | P05 | -------------------------------
2026-09-17 12:45:15 | INFO | P05 | 02. INSPECT the grain and keys.
2026-09-17 12:45:15 | INFO | P05 | -------------------------------
2026-09-17 12:45:15 | INFO | P05 | Regions grain: one business region
2026-09-17 12:45:15 | INFO | P05 | Stores grain: one store
2026-09-17 12:45:15 | INFO | P05 | Employees grain: one employee
2026-09-17 12:45:15 | INFO | P05 | Regions columns: ['region_id', 'region_name']
2026-09-17 12:45:15 | INFO | P05 | Stores columns: ['store_id', 'store_name', 'region_id', 'store_type', 'square_feet']
2026-09-17 12:45:15 | INFO | P05 | Employees columns: ['employee_id', 'employee_name', 'store_id', 'role', 'years_employed']
2026-09-17 12:45:15 | INFO | P05 | 
The data is stored in three related tables.

One region can have many stores.
The stores table uses region_id to identify each store's region.

One store can have many employees.
The employees table uses store_id to identify each employee's store.

The shared keys connect information stored in different tables.

2026-09-17 12:45:15 | INFO | P05 | -------------------------------
2026-09-17 12:45:15 | INFO | P05 | 03. CREATE a SQLite database.
2026-09-17 12:45:15 | INFO | P05 | -------------------------------
2026-09-17 12:45:15 | INFO | P05 | SQLite database = data/retail/business.sqlite
2026-09-17 12:45:15 | INFO | P05 | SQLite database = health.sqlite
2026-09-17 12:45:15 | INFO | P05 | SQLite database connection created.
2026-09-17 12:45:15 | INFO | P05 | -------------------------------
2026-09-17 12:45:15 | INFO | P05 | 04. LOAD the tables into SQLite.
2026-09-17 12:45:15 | INFO | P05 | -------------------------------
2026-09-17 12:45:15 | INFO | P05 | Related tables loaded into SQLite.
2026-09-17 12:45:15 | INFO | P05 | -------------------------------
2026-09-17 12:45:15 | INFO | P05 | 05. QUERY across related tables with SQL.
2026-09-17 12:45:15 | INFO | P05 | -------------------------------
2026-09-17 12:45:15 | INFO | P05 | 
I want to compare the number of employees working at each store.
The result should have one row per store.

The information I need requires all three tables:
 - region name is in regions,
 - store name is in stores,
 - employee info is in employees.

2026-09-17 12:45:15 | INFO | P05 | 
SQL query:

SELECT
    r.region_name,
    s.store_name,
    COUNT(e.employee_id) AS employee_count
FROM regions AS r
JOIN stores AS s
    ON r.region_id = s.region_id
LEFT JOIN employees AS e
    ON s.store_id = e.store_id
GROUP BY
    r.region_name,
    s.store_name
ORDER BY
    employee_count DESC;

2026-09-17 12:46:57 | INFO | P05 | === RUN START ===
2026-09-17 12:46:57 | INFO | P05 | project=P05 - PYTHON AND SQL
2026-09-17 12:46:57 | INFO | P05 | repo_dir=datafun-05-sql
2026-09-17 12:46:57 | INFO | P05 | python=3.14.7
2026-09-17 12:46:57 | INFO | P05 | os=Darwin 23.5.0
2026-09-17 12:46:57 | INFO | P05 | shell=zsh
2026-09-17 12:46:57 | INFO | P05 | cwd=.
2026-09-17 12:46:57 | INFO | P05 | github_actions=False
2026-09-17 12:46:57 | INFO | P05 | ===================================
2026-09-17 12:46:57 | INFO | P05 | START main()
2026-09-17 12:46:57 | INFO | P05 | ===================================
2026-09-17 12:46:57 | INFO | P05 | -------------------------------
2026-09-17 12:46:57 | INFO | P05 | 01. LOAD the related tables.
2026-09-17 12:46:57 | INFO | P05 | -------------------------------
2026-09-17 12:46:57 | INFO | P05 | regions file = data/retail/region.csv
2026-09-17 12:46:57 | INFO | P05 | stores file = data/retail/store.csv
2026-09-17 12:46:57 | INFO | P05 | employees file = data/retail/employee.csv
2026-09-17 12:46:57 | INFO | P05 | clinic file = data/health/clinic.csv
2026-09-17 12:46:57 | INFO | P05 | lab results file = data/health/lab_result.csv
2026-09-17 12:46:57 | INFO | P05 | patient file = data/health/patient.csv
2026-09-17 12:46:57 | INFO | P05 | visit file = data/health/visit.csv
2026-09-17 12:46:57 | INFO | P05 | Related tables loaded successfully.
2026-09-17 12:46:57 | INFO | P05 | -------------------------------
2026-09-17 12:46:57 | INFO | P05 | 02. INSPECT the grain and keys.
2026-09-17 12:46:57 | INFO | P05 | -------------------------------
2026-09-17 12:46:57 | INFO | P05 | Regions grain: one business region
2026-09-17 12:46:57 | INFO | P05 | Stores grain: one store
2026-09-17 12:46:57 | INFO | P05 | Employees grain: one employee
2026-09-17 12:46:57 | INFO | P05 | Regions columns: ['region_id', 'region_name']
2026-09-17 12:46:57 | INFO | P05 | Stores columns: ['store_id', 'store_name', 'region_id', 'store_type', 'square_feet']
2026-09-17 12:46:57 | INFO | P05 | Employees columns: ['employee_id', 'employee_name', 'store_id', 'role', 'years_employed']
2026-09-17 12:46:57 | INFO | P05 | 
The data is stored in three related tables.

One region can have many stores.
The stores table uses region_id to identify each store's region.

One store can have many employees.
The employees table uses store_id to identify each employee's store.

The shared keys connect information stored in different tables.

2026-09-17 12:46:57 | INFO | P05 | -------------------------------
2026-09-17 12:46:57 | INFO | P05 | 03. CREATE a SQLite database.
2026-09-17 12:46:57 | INFO | P05 | -------------------------------
2026-09-17 12:46:57 | INFO | P05 | SQLite database = data/retail/business.sqlite
2026-09-17 12:46:57 | INFO | P05 | SQLite database = health.sqlite
2026-09-17 12:46:57 | INFO | P05 | SQLite database connection created.
2026-09-17 12:46:57 | INFO | P05 | -------------------------------
2026-09-17 12:46:57 | INFO | P05 | 04. LOAD the tables into SQLite.
2026-09-17 12:46:57 | INFO | P05 | -------------------------------
2026-09-17 12:46:57 | INFO | P05 | Related tables loaded into SQLite.
2026-09-17 12:46:57 | INFO | P05 | -------------------------------
2026-09-17 12:46:57 | INFO | P05 | 05. QUERY across related tables with SQL.
2026-09-17 12:46:57 | INFO | P05 | -------------------------------
2026-09-17 12:46:57 | INFO | P05 | 
I want to compare the number of employees working at each store.
The result should have one row per store.

The information I need requires all three tables:
 - region name is in regions,
 - store name is in stores,
 - employee info is in employees.

2026-09-17 12:46:57 | INFO | P05 | 
SQL query:

SELECT
    r.region_name,
    s.store_name,
    COUNT(e.employee_id) AS employee_count
FROM regions AS r
JOIN stores AS s
    ON r.region_id = s.region_id
LEFT JOIN employees AS e
    ON s.store_id = e.store_id
GROUP BY
    r.region_name,
    s.store_name
ORDER BY
    employee_count DESC;

2026-09-17 12:46:57 | INFO | P05 | 
Query result:
   region_name        store_name  employee_count
0         West     Coastal Plaza              18
1        South  Peachtree Center              17
2         East      Maple Square              15
3        South   Sunrise Commons              14
4      Central    Prairie Center              13
5         West     Canyon Center              13
6        North         Northgate              12
7         East      Harbor Point              11
8      Central  Lakeside Commons              10
9        South   Magnolia Market              10
10       North       Cedar Plaza               9
11     Central      River Market               8
12        West    Desert Springs               7
13        East     Pine Crossing               6
14       South    Bayou Crossing               5
2026-09-17 12:46:57 | INFO | P05 | Successfully created text export at: health_top_five.txt
2026-09-17 12:46:57 | INFO | P05 | -------------------------------
2026-09-17 12:46:57 | INFO | P05 | 06. VISUALIZE the query result with Python.
2026-09-17 12:46:57 | INFO | P05 | -------------------------------
2026-09-17 12:46:57 | INFO | P05 | 
The query result has one numeric value
(employee count) for each store.

A bar chart works for comparing
a numeric value across named categories.
Every pandas df has a
plot.box() method for creating box plots.

2026-09-17 12:46:58 | INFO | P05 | Chart saved successfully at docs/images/first-chart.png.
2026-09-17 12:46:58 | INFO | P05 | -------------------------------
2026-09-17 12:46:58 | INFO | P05 | 07. SUMMARIZE what you found.
2026-09-17 12:46:58 | INFO | P05 | -------------------------------
2026-09-17 12:46:58 | INFO | P05 | CUSTOM OBSERVATIONS:
    The SQL query connected information from
    the regions, stores, and employees tables.

    The result has one row per store.

    I observed ...

    Based on this result, I would next like to explore ...
    
2026-09-17 12:46:58 | INFO | P05 | -------------------------------
2026-09-17 12:46:58 | INFO | P05 | 08. DISPLAY the visualization.
2026-09-17 12:46:58 | INFO | P05 | -------------------------------
2026-09-17 12:46:58 | INFO | P05 | In a script, call plt.show() at the end to display all charts.
2026-09-17 12:46:58 | INFO | P05 | Close all chart windows (with the close button) to continue.
2026-09-17 12:47:00 | INFO | P05 | ===================================
2026-09-17 12:47:00 | INFO | P05 | END main() - Executed successfully!
2026-09-17 12:47:00 | INFO | P05 | ===================================
2026-09-17 13:10:03 | INFO | P05 | === RUN START ===
2026-09-17 13:10:03 | INFO | P05 | project=P05 - PYTHON AND SQL
2026-09-17 13:10:03 | INFO | P05 | repo_dir=datafun-05-sql
2026-09-17 13:10:03 | INFO | P05 | python=3.14.7
2026-09-17 13:10:03 | INFO | P05 | os=Darwin 23.5.0
2026-09-17 13:10:03 | INFO | P05 | shell=zsh
2026-09-17 13:10:03 | INFO | P05 | cwd=.
2026-09-17 13:10:03 | INFO | P05 | github_actions=False
2026-09-17 13:10:03 | INFO | P05 | ===================================
2026-09-17 13:10:03 | INFO | P05 | START main()
2026-09-17 13:10:03 | INFO | P05 | ===================================
2026-09-17 13:10:03 | INFO | P05 | -------------------------------
2026-09-17 13:10:03 | INFO | P05 | 01. LOAD the related tables.
2026-09-17 13:10:03 | INFO | P05 | -------------------------------
2026-09-17 13:10:03 | INFO | P05 | regions file = data/retail/region.csv
2026-09-17 13:10:03 | INFO | P05 | stores file = data/retail/store.csv
2026-09-17 13:10:03 | INFO | P05 | employees file = data/retail/employee.csv
2026-09-17 13:10:03 | INFO | P05 | clinic file = data/health/clinic.csv
2026-09-17 13:10:03 | INFO | P05 | lab results file = data/health/lab_result.csv
2026-09-17 13:10:03 | INFO | P05 | patient file = data/health/patient.csv
2026-09-17 13:10:03 | INFO | P05 | visit file = data/health/visit.csv
2026-09-17 13:10:03 | INFO | P05 | Related tables loaded successfully.
2026-09-17 13:10:03 | INFO | P05 | -------------------------------
2026-09-17 13:10:03 | INFO | P05 | 02. INSPECT the grain and keys.
2026-09-17 13:10:03 | INFO | P05 | -------------------------------
2026-09-17 13:10:03 | INFO | P05 | Regions grain: one business region
2026-09-17 13:10:03 | INFO | P05 | Stores grain: one store
2026-09-17 13:10:03 | INFO | P05 | Employees grain: one employee
2026-09-17 13:10:03 | INFO | P05 | Regions columns: ['region_id', 'region_name']
2026-09-17 13:10:03 | INFO | P05 | Stores columns: ['store_id', 'store_name', 'region_id', 'store_type', 'square_feet']
2026-09-17 13:10:03 | INFO | P05 | Employees columns: ['employee_id', 'employee_name', 'store_id', 'role', 'years_employed']
2026-09-17 13:10:03 | INFO | P05 | 
The data is stored in three related tables.

One region can have many stores.
The stores table uses region_id to identify each store's region.

One store can have many employees.
The employees table uses store_id to identify each employee's store.

The shared keys connect information stored in different tables.

2026-09-17 13:10:03 | INFO | P05 | -------------------------------
2026-09-17 13:10:03 | INFO | P05 | 03. CREATE a SQLite database.
2026-09-17 13:10:03 | INFO | P05 | -------------------------------
2026-09-17 13:10:03 | INFO | P05 | SQLite database = data/retail/business.sqlite
2026-09-17 13:10:03 | INFO | P05 | SQLite database = health.sqlite
2026-09-17 13:10:03 | INFO | P05 | SQLite database connection created.
2026-09-17 13:10:03 | INFO | P05 | -------------------------------
2026-09-17 13:10:03 | INFO | P05 | 04. LOAD the tables into SQLite.
2026-09-17 13:10:03 | INFO | P05 | -------------------------------
2026-09-17 13:10:03 | INFO | P05 | Related tables loaded into SQLite.
2026-09-17 13:10:03 | INFO | P05 | -------------------------------
2026-09-17 13:10:03 | INFO | P05 | 05. QUERY across related tables with SQL.
2026-09-17 13:10:03 | INFO | P05 | -------------------------------
2026-09-17 13:10:03 | INFO | P05 | 
I want to compare the number of employees working at each store.
The result should have one row per store.

The information I need requires all three tables:
 - region name is in regions,
 - store name is in stores,
 - employee info is in employees.

2026-09-17 13:10:03 | INFO | P05 | 
SQL query:

SELECT
    r.region_name,
    s.store_name,
    COUNT(e.employee_id) AS employee_count
FROM regions AS r
JOIN stores AS s
    ON r.region_id = s.region_id
LEFT JOIN employees AS e
    ON s.store_id = e.store_id
GROUP BY
    r.region_name,
    s.store_name
ORDER BY
    employee_count DESC;

2026-09-17 13:10:03 | INFO | P05 | 
Query result:
   patient_id  age        city       clinic_name
0        1001   71  Brookfield  Northside Clinic
1        1002   81  Brookfield  Northside Clinic
2        1003   26  Brookfield  Northside Clinic
3        1004   30  Brookfield  Northside Clinic
4        1005   51  Brookfield  Northside Clinic
2026-09-17 13:10:03 | INFO | P05 | Successfully created text export at: health_top_five.txt
2026-09-17 13:10:03 | INFO | P05 | -------------------------------
2026-09-17 13:10:03 | INFO | P05 | 06. VISUALIZE the query result with Python.
2026-09-17 13:10:03 | INFO | P05 | -------------------------------
2026-09-17 13:10:03 | INFO | P05 | 
The query result has one numeric value
(employee count) for each store.

A bar chart works for comparing
a numeric value across named categories.
Every pandas df has a
plot.box() method for creating box plots.

2026-09-17 13:10:03 | INFO | P05 | Chart saved successfully at docs/images/first-chart.png.
2026-09-17 13:10:03 | INFO | P05 | -------------------------------
2026-09-17 13:10:03 | INFO | P05 | 07. SUMMARIZE what you found.
2026-09-17 13:10:03 | INFO | P05 | -------------------------------
2026-09-17 13:10:03 | INFO | P05 | CUSTOM OBSERVATIONS:
    The SQL query connected information from
    the regions, stores, and employees tables.

    The result has one row per store.

    I observed ...

    Based on this result, I would next like to explore ...
    
2026-09-17 13:10:03 | INFO | P05 | -------------------------------
2026-09-17 13:10:03 | INFO | P05 | 08. DISPLAY the visualization.
2026-09-17 13:10:03 | INFO | P05 | -------------------------------
2026-09-17 13:10:03 | INFO | P05 | In a script, call plt.show() at the end to display all charts.
2026-09-17 13:10:03 | INFO | P05 | Close all chart windows (with the close button) to continue.
2026-09-17 13:10:06 | INFO | P05 | ===================================
2026-09-17 13:10:06 | INFO | P05 | END main() - Executed successfully!
2026-09-17 13:10:06 | INFO | P05 | ===================================
2026-09-17 13:12:16 | INFO | P05 | === RUN START ===
2026-09-17 13:12:16 | INFO | P05 | project=P05 - PYTHON AND SQL
2026-09-17 13:12:16 | INFO | P05 | repo_dir=datafun-05-sql
2026-09-17 13:12:16 | INFO | P05 | python=3.14.7
2026-09-17 13:12:16 | INFO | P05 | os=Darwin 23.5.0
2026-09-17 13:12:16 | INFO | P05 | shell=zsh
2026-09-17 13:12:16 | INFO | P05 | cwd=.
2026-09-17 13:12:16 | INFO | P05 | github_actions=False
2026-09-17 13:12:16 | INFO | P05 | ===================================
2026-09-17 13:12:16 | INFO | P05 | START main()
2026-09-17 13:12:16 | INFO | P05 | ===================================
2026-09-17 13:12:16 | INFO | P05 | -------------------------------
2026-09-17 13:12:16 | INFO | P05 | 01. LOAD the related tables.
2026-09-17 13:12:16 | INFO | P05 | -------------------------------
2026-09-17 13:12:16 | INFO | P05 | regions file = data/retail/region.csv
2026-09-17 13:12:16 | INFO | P05 | stores file = data/retail/store.csv
2026-09-17 13:12:16 | INFO | P05 | employees file = data/retail/employee.csv
2026-09-17 13:12:16 | INFO | P05 | clinic file = data/health/clinic.csv
2026-09-17 13:12:16 | INFO | P05 | lab results file = data/health/lab_result.csv
2026-09-17 13:12:16 | INFO | P05 | patient file = data/health/patient.csv
2026-09-17 13:12:16 | INFO | P05 | visit file = data/health/visit.csv
2026-09-17 13:12:16 | INFO | P05 | Related tables loaded successfully.
2026-09-17 13:12:16 | INFO | P05 | -------------------------------
2026-09-17 13:12:16 | INFO | P05 | 02. INSPECT the grain and keys.
2026-09-17 13:12:16 | INFO | P05 | -------------------------------
2026-09-17 13:12:16 | INFO | P05 | Regions grain: one business region
2026-09-17 13:12:16 | INFO | P05 | Stores grain: one store
2026-09-17 13:12:16 | INFO | P05 | Employees grain: one employee
2026-09-17 13:12:16 | INFO | P05 | Regions columns: ['region_id', 'region_name']
2026-09-17 13:12:16 | INFO | P05 | Stores columns: ['store_id', 'store_name', 'region_id', 'store_type', 'square_feet']
2026-09-17 13:12:16 | INFO | P05 | Employees columns: ['employee_id', 'employee_name', 'store_id', 'role', 'years_employed']
2026-09-17 13:12:16 | INFO | P05 | 
The data is stored in three related tables.

One region can have many stores.
The stores table uses region_id to identify each store's region.

One store can have many employees.
The employees table uses store_id to identify each employee's store.

The shared keys connect information stored in different tables.

2026-09-17 13:12:16 | INFO | P05 | -------------------------------
2026-09-17 13:12:16 | INFO | P05 | 03. CREATE a SQLite database.
2026-09-17 13:12:16 | INFO | P05 | -------------------------------
2026-09-17 13:12:16 | INFO | P05 | SQLite database = data/retail/business.sqlite
2026-09-17 13:12:16 | INFO | P05 | SQLite database = health.sqlite
2026-09-17 13:12:16 | INFO | P05 | SQLite database connection created.
2026-09-17 13:12:16 | INFO | P05 | -------------------------------
2026-09-17 13:12:16 | INFO | P05 | 04. LOAD the tables into SQLite.
2026-09-17 13:12:16 | INFO | P05 | -------------------------------
2026-09-17 13:12:16 | INFO | P05 | Related tables loaded into SQLite.
2026-09-17 13:12:16 | INFO | P05 | -------------------------------
2026-09-17 13:12:16 | INFO | P05 | 05. QUERY across related tables with SQL.
2026-09-17 13:12:16 | INFO | P05 | -------------------------------
2026-09-17 13:12:16 | INFO | P05 | 
I want to compare the number of employees working at each store.
The result should have one row per store.

The information I need requires all three tables:
 - region name is in regions,
 - store name is in stores,
 - employee info is in employees.

2026-09-17 13:12:16 | INFO | P05 | 
SQL query:

    SELECT 
        p.patient_id,
        p.age,
        c.city,
        c.clinic_name
    FROM patient p
    LEFT JOIN clinics c ON p.clinic_id = c.clinic_id
    
2026-09-17 13:12:16 | INFO | P05 | 
Query result:
   patient_id  age        city       clinic_name
0        1001   71  Brookfield  Northside Clinic
1        1002   81  Brookfield  Northside Clinic
2        1003   26  Brookfield  Northside Clinic
3        1004   30  Brookfield  Northside Clinic
4        1005   51  Brookfield  Northside Clinic
2026-09-17 13:12:16 | INFO | P05 | Successfully created text export at: health_top_five.txt
2026-09-17 13:12:16 | INFO | P05 | -------------------------------
2026-09-17 13:12:16 | INFO | P05 | 06. VISUALIZE the query result with Python.
2026-09-17 13:12:16 | INFO | P05 | -------------------------------
2026-09-17 13:12:16 | INFO | P05 | 
The query result has one numeric value
(employee count) for each store.

A bar chart works for comparing
a numeric value across named categories.
Every pandas df has a
plot.box() method for creating box plots.

2026-09-17 13:12:17 | INFO | P05 | Chart saved successfully at docs/images/first-chart.png.
2026-09-17 13:12:17 | INFO | P05 | -------------------------------
2026-09-17 13:12:17 | INFO | P05 | 07. SUMMARIZE what you found.
2026-09-17 13:12:17 | INFO | P05 | -------------------------------
2026-09-17 13:12:17 | INFO | P05 | CUSTOM OBSERVATIONS:
    The SQL query connected information from
    the regions, stores, and employees tables.

    The result has one row per store.

    I observed ...

    Based on this result, I would next like to explore ...
    
2026-09-17 13:12:17 | INFO | P05 | -------------------------------
2026-09-17 13:12:17 | INFO | P05 | 08. DISPLAY the visualization.
2026-09-17 13:12:17 | INFO | P05 | -------------------------------
2026-09-17 13:12:17 | INFO | P05 | In a script, call plt.show() at the end to display all charts.
2026-09-17 13:12:17 | INFO | P05 | Close all chart windows (with the close button) to continue.
2026-09-17 13:12:19 | INFO | P05 | ===================================
2026-09-17 13:12:19 | INFO | P05 | END main() - Executed successfully!
2026-09-17 13:12:19 | INFO | P05 | ===================================
2026-09-17 13:13:52 | INFO | P05 | === RUN START ===
2026-09-17 13:13:52 | INFO | P05 | project=P05 - PYTHON AND SQL
2026-09-17 13:13:52 | INFO | P05 | repo_dir=datafun-05-sql
2026-09-17 13:13:52 | INFO | P05 | python=3.14.7
2026-09-17 13:13:52 | INFO | P05 | os=Darwin 23.5.0
2026-09-17 13:13:52 | INFO | P05 | shell=zsh
2026-09-17 13:13:52 | INFO | P05 | cwd=.
2026-09-17 13:13:52 | INFO | P05 | github_actions=False
2026-09-17 13:13:52 | INFO | P05 | ===================================
2026-09-17 13:13:52 | INFO | P05 | START main()
2026-09-17 13:13:52 | INFO | P05 | ===================================
2026-09-17 13:13:52 | INFO | P05 | -------------------------------
2026-09-17 13:13:52 | INFO | P05 | 01. LOAD the related tables.
2026-09-17 13:13:52 | INFO | P05 | -------------------------------
2026-09-17 13:13:52 | INFO | P05 | regions file = data/retail/region.csv
2026-09-17 13:13:52 | INFO | P05 | stores file = data/retail/store.csv
2026-09-17 13:13:52 | INFO | P05 | employees file = data/retail/employee.csv
2026-09-17 13:13:52 | INFO | P05 | clinic file = data/health/clinic.csv
2026-09-17 13:13:52 | INFO | P05 | lab results file = data/health/lab_result.csv
2026-09-17 13:13:52 | INFO | P05 | patient file = data/health/patient.csv
2026-09-17 13:13:52 | INFO | P05 | visit file = data/health/visit.csv
2026-09-17 13:13:52 | INFO | P05 | Related tables loaded successfully.
2026-09-17 13:13:52 | INFO | P05 | -------------------------------
2026-09-17 13:13:52 | INFO | P05 | 02. INSPECT the grain and keys.
2026-09-17 13:13:52 | INFO | P05 | -------------------------------
2026-09-17 13:13:52 | INFO | P05 | Regions grain: one business region
2026-09-17 13:13:52 | INFO | P05 | Stores grain: one store
2026-09-17 13:13:52 | INFO | P05 | Employees grain: one employee
2026-09-17 13:13:52 | INFO | P05 | Regions columns: ['region_id', 'region_name']
2026-09-17 13:13:52 | INFO | P05 | Stores columns: ['store_id', 'store_name', 'region_id', 'store_type', 'square_feet']
2026-09-17 13:13:52 | INFO | P05 | Employees columns: ['employee_id', 'employee_name', 'store_id', 'role', 'years_employed']
2026-09-17 13:13:52 | INFO | P05 | 
The data is stored in three related tables.

One region can have many stores.
The stores table uses region_id to identify each store's region.

One store can have many employees.
The employees table uses store_id to identify each employee's store.

The shared keys connect information stored in different tables.

2026-09-17 13:13:52 | INFO | P05 | -------------------------------
2026-09-17 13:13:52 | INFO | P05 | 03. CREATE a SQLite database.
2026-09-17 13:13:52 | INFO | P05 | -------------------------------
2026-09-17 13:13:52 | INFO | P05 | SQLite database = data/retail/business.sqlite
2026-09-17 13:13:52 | INFO | P05 | SQLite database = health.sqlite
2026-09-17 13:13:52 | INFO | P05 | SQLite database connection created.
2026-09-17 13:13:52 | INFO | P05 | -------------------------------
2026-09-17 13:13:52 | INFO | P05 | 04. LOAD the tables into SQLite.
2026-09-17 13:13:52 | INFO | P05 | -------------------------------
2026-09-17 13:13:52 | INFO | P05 | Related tables loaded into SQLite.
2026-09-17 13:13:52 | INFO | P05 | -------------------------------
2026-09-17 13:13:52 | INFO | P05 | 05. QUERY across related tables with SQL.
2026-09-17 13:13:52 | INFO | P05 | -------------------------------
2026-09-17 13:13:52 | INFO | P05 | 
I want to compare the number of employees working at each store.
The result should have one row per store.

The information I need requires all three tables:
 - region name is in regions,
 - store name is in stores,
 - employee info is in employees.

2026-09-17 13:13:52 | INFO | P05 | 
SQL query:

    SELECT 
        p.patient_id,
        p.age,
        p.age_group,
        c.city,
        c.clinic_name
    FROM patient p
    LEFT JOIN clinics c ON p.clinic_id = c.clinic_id
    
2026-09-17 13:13:52 | INFO | P05 | 
Query result:
   patient_id  age age_group        city       clinic_name
0        1001   71       65+  Brookfield  Northside Clinic
1        1002   81       65+  Brookfield  Northside Clinic
2        1003   26     18-34  Brookfield  Northside Clinic
3        1004   30     18-34  Brookfield  Northside Clinic
4        1005   51     50-64  Brookfield  Northside Clinic
2026-09-17 13:13:52 | INFO | P05 | Successfully created text export at: health_top_five.txt
2026-09-17 13:13:52 | INFO | P05 | -------------------------------
2026-09-17 13:13:52 | INFO | P05 | 06. VISUALIZE the query result with Python.
2026-09-17 13:13:52 | INFO | P05 | -------------------------------
2026-09-17 13:13:52 | INFO | P05 | 
The query result has one numeric value
(employee count) for each store.

A bar chart works for comparing
a numeric value across named categories.
Every pandas df has a
plot.box() method for creating box plots.

2026-09-17 13:13:53 | INFO | P05 | Chart saved successfully at docs/images/first-chart.png.
2026-09-17 13:13:53 | INFO | P05 | -------------------------------
2026-09-17 13:13:53 | INFO | P05 | 07. SUMMARIZE what you found.
2026-09-17 13:13:53 | INFO | P05 | -------------------------------
2026-09-17 13:13:53 | INFO | P05 | CUSTOM OBSERVATIONS:
    The SQL query connected information from
    the regions, stores, and employees tables.

    The result has one row per store.

    I observed ...

    Based on this result, I would next like to explore ...
    
2026-09-17 13:13:53 | INFO | P05 | -------------------------------
2026-09-17 13:13:53 | INFO | P05 | 08. DISPLAY the visualization.
2026-09-17 13:13:53 | INFO | P05 | -------------------------------
2026-09-17 13:13:53 | INFO | P05 | In a script, call plt.show() at the end to display all charts.
2026-09-17 13:13:53 | INFO | P05 | Close all chart windows (with the close button) to continue.
2026-09-17 13:13:55 | INFO | P05 | ===================================
2026-09-17 13:13:55 | INFO | P05 | END main() - Executed successfully!
2026-09-17 13:13:55 | INFO | P05 | ===================================
2026-09-17 13:36:51 | INFO | P05 | === RUN START ===
2026-09-17 13:36:51 | INFO | P05 | project=P05 - PYTHON AND SQL
2026-09-17 13:36:51 | INFO | P05 | repo_dir=datafun-05-sql
2026-09-17 13:36:51 | INFO | P05 | python=3.14.7
2026-09-17 13:36:51 | INFO | P05 | os=Darwin 23.5.0
2026-09-17 13:36:51 | INFO | P05 | shell=zsh
2026-09-17 13:36:51 | INFO | P05 | cwd=.
2026-09-17 13:36:51 | INFO | P05 | github_actions=False
2026-09-17 13:36:51 | INFO | P05 | ===================================
2026-09-17 13:36:51 | INFO | P05 | START main()
2026-09-17 13:36:51 | INFO | P05 | ===================================
2026-09-17 13:36:51 | INFO | P05 | -------------------------------
2026-09-17 13:36:51 | INFO | P05 | 01. LOAD the related tables.
2026-09-17 13:36:51 | INFO | P05 | -------------------------------
2026-09-17 13:36:51 | INFO | P05 | regions file = data/retail/region.csv
2026-09-17 13:36:51 | INFO | P05 | stores file = data/retail/store.csv
2026-09-17 13:36:51 | INFO | P05 | employees file = data/retail/employee.csv
2026-09-17 13:36:51 | INFO | P05 | clinic file = data/health/clinic.csv
2026-09-17 13:36:51 | INFO | P05 | lab results file = data/health/lab_result.csv
2026-09-17 13:36:51 | INFO | P05 | patient file = data/health/patient.csv
2026-09-17 13:36:51 | INFO | P05 | visit file = data/health/visit.csv
2026-09-17 13:36:51 | INFO | P05 | Related tables loaded successfully.
2026-09-17 13:36:51 | INFO | P05 | -------------------------------
2026-09-17 13:36:51 | INFO | P05 | 02. INSPECT the grain and keys.
2026-09-17 13:36:51 | INFO | P05 | -------------------------------
2026-09-17 13:36:51 | INFO | P05 | Regions grain: one business region
2026-09-17 13:36:51 | INFO | P05 | Stores grain: one store
2026-09-17 13:36:51 | INFO | P05 | Employees grain: one employee
2026-09-17 13:36:51 | INFO | P05 | Regions columns: ['region_id', 'region_name']
2026-09-17 13:36:51 | INFO | P05 | Stores columns: ['store_id', 'store_name', 'region_id', 'store_type', 'square_feet']
2026-09-17 13:36:51 | INFO | P05 | Employees columns: ['employee_id', 'employee_name', 'store_id', 'role', 'years_employed']
2026-09-17 13:36:51 | INFO | P05 | 
The data is stored in three related tables.

One region can have many stores.
The stores table uses region_id to identify each store's region.

One store can have many employees.
The employees table uses store_id to identify each employee's store.

The shared keys connect information stored in different tables.

2026-09-17 13:36:51 | INFO | P05 | -------------------------------
2026-09-17 13:36:51 | INFO | P05 | 03. CREATE a SQLite database.
2026-09-17 13:36:51 | INFO | P05 | -------------------------------
2026-09-17 13:36:51 | INFO | P05 | SQLite database = data/retail/business.sqlite
2026-09-17 13:36:51 | INFO | P05 | SQLite database = health.sqlite
2026-09-17 13:36:51 | INFO | P05 | SQLite database connection created.
2026-09-17 13:36:51 | INFO | P05 | -------------------------------
2026-09-17 13:36:51 | INFO | P05 | 04. LOAD the tables into SQLite.
2026-09-17 13:36:51 | INFO | P05 | -------------------------------
2026-09-17 13:36:51 | INFO | P05 | Related tables loaded into SQLite.
2026-09-17 13:36:51 | INFO | P05 | -------------------------------
2026-09-17 13:36:51 | INFO | P05 | 05. QUERY across related tables with SQL.
2026-09-17 13:36:51 | INFO | P05 | -------------------------------
2026-09-17 13:36:51 | INFO | P05 | 
I want to compare the number of employees working at each store.
The result should have one row per store.

The information I need requires all three tables:
 - region name is in regions,
 - store name is in stores,
 - employee info is in employees.

2026-09-17 13:36:51 | INFO | P05 | 
SQL query:

    SELECT 
        p.patient_id,
        p.age,
        p.age_group,
        c.city,
        c.clinic_name
    FROM patient p
    LEFT JOIN clinics c ON p.clinic_id = c.clinic_id
    
2026-09-17 13:36:51 | INFO | P05 | 
Query result:
   patient_id  age age_group        city       clinic_name
0        1001   71       65+  Brookfield  Northside Clinic
1        1002   81       65+  Brookfield  Northside Clinic
2        1003   26     18-34  Brookfield  Northside Clinic
3        1004   30     18-34  Brookfield  Northside Clinic
4        1005   51     50-64  Brookfield  Northside Clinic
2026-09-17 13:36:51 | INFO | P05 | Successfully created text export at: health_top_five.txt
2026-09-17 13:36:51 | INFO | P05 | -------------------------------
2026-09-17 13:36:51 | INFO | P05 | 06. VISUALIZE the query result with Python.
2026-09-17 13:36:51 | INFO | P05 | -------------------------------
2026-09-17 13:36:51 | INFO | P05 | 
The query result includes patient id and 
clinic name. 

A bar chart will show number of unique patients
at each clinic location.


2026-09-17 13:36:51 | INFO | P05 | Chart saved successfully at docs/images/first-chart.png.
2026-09-17 13:36:51 | INFO | P05 | -------------------------------
2026-09-17 13:36:51 | INFO | P05 | 07. SUMMARIZE what you found.
2026-09-17 13:36:51 | INFO | P05 | -------------------------------
2026-09-17 13:36:51 | INFO | P05 | CUSTOM OBSERVATIONS:
    The SQL query connected information from
    the regions, stores, and employees tables.

    The result has one row per store.

    I observed ...

    Based on this result, I would next like to explore ...
    
2026-09-17 13:36:51 | INFO | P05 | -------------------------------
2026-09-17 13:36:51 | INFO | P05 | 08. DISPLAY the visualization.
2026-09-17 13:36:51 | INFO | P05 | -------------------------------
2026-09-17 13:36:51 | INFO | P05 | In a script, call plt.show() at the end to display all charts.
2026-09-17 13:36:51 | INFO | P05 | Close all chart windows (with the close button) to continue.
2026-09-17 13:36:54 | INFO | P05 | ===================================
2026-09-17 13:36:54 | INFO | P05 | END main() - Executed successfully!
2026-09-17 13:36:54 | INFO | P05 | ===================================
2026-09-17 13:42:38 | INFO | P05 | === RUN START ===
2026-09-17 13:42:38 | INFO | P05 | project=P05 - PYTHON AND SQL
2026-09-17 13:42:38 | INFO | P05 | repo_dir=datafun-05-sql
2026-09-17 13:42:38 | INFO | P05 | python=3.14.7
2026-09-17 13:42:38 | INFO | P05 | os=Darwin 23.5.0
2026-09-17 13:42:38 | INFO | P05 | shell=zsh
2026-09-17 13:42:38 | INFO | P05 | cwd=.
2026-09-17 13:42:38 | INFO | P05 | github_actions=False
2026-09-17 13:42:38 | INFO | P05 | ===================================
2026-09-17 13:42:38 | INFO | P05 | START main()
2026-09-17 13:42:38 | INFO | P05 | ===================================
2026-09-17 13:42:38 | INFO | P05 | -------------------------------
2026-09-17 13:42:38 | INFO | P05 | 01. LOAD the related tables.
2026-09-17 13:42:38 | INFO | P05 | -------------------------------
2026-09-17 13:42:38 | INFO | P05 | regions file = data/retail/region.csv
2026-09-17 13:42:38 | INFO | P05 | stores file = data/retail/store.csv
2026-09-17 13:42:38 | INFO | P05 | employees file = data/retail/employee.csv
2026-09-17 13:42:38 | INFO | P05 | clinic file = data/health/clinic.csv
2026-09-17 13:42:38 | INFO | P05 | lab results file = data/health/lab_result.csv
2026-09-17 13:42:38 | INFO | P05 | patient file = data/health/patient.csv
2026-09-17 13:42:38 | INFO | P05 | visit file = data/health/visit.csv
2026-09-17 13:42:38 | INFO | P05 | Related tables loaded successfully.
2026-09-17 13:42:38 | INFO | P05 | -------------------------------
2026-09-17 13:42:38 | INFO | P05 | 02. INSPECT the grain and keys.
2026-09-17 13:42:38 | INFO | P05 | -------------------------------
2026-09-17 13:42:38 | INFO | P05 | Regions grain: one business region
2026-09-17 13:42:38 | INFO | P05 | Stores grain: one store
2026-09-17 13:42:38 | INFO | P05 | Employees grain: one employee
2026-09-17 13:42:38 | INFO | P05 | Regions columns: ['region_id', 'region_name']
2026-09-17 13:42:38 | INFO | P05 | Stores columns: ['store_id', 'store_name', 'region_id', 'store_type', 'square_feet']
2026-09-17 13:42:38 | INFO | P05 | Employees columns: ['employee_id', 'employee_name', 'store_id', 'role', 'years_employed']
2026-09-17 13:42:38 | INFO | P05 | 
The data is stored in three related tables.

One region can have many stores.
The stores table uses region_id to identify each store's region.

One store can have many employees.
The employees table uses store_id to identify each employee's store.

The shared keys connect information stored in different tables.

2026-09-17 13:42:38 | INFO | P05 | -------------------------------
2026-09-17 13:42:38 | INFO | P05 | 03. CREATE a SQLite database.
2026-09-17 13:42:38 | INFO | P05 | -------------------------------
2026-09-17 13:42:38 | INFO | P05 | SQLite database = data/retail/business.sqlite
2026-09-17 13:42:38 | INFO | P05 | SQLite database = health.sqlite
2026-09-17 13:42:38 | INFO | P05 | SQLite database connection created.
2026-09-17 13:42:38 | INFO | P05 | -------------------------------
2026-09-17 13:42:38 | INFO | P05 | 04. LOAD the tables into SQLite.
2026-09-17 13:42:38 | INFO | P05 | -------------------------------
2026-09-17 13:42:38 | INFO | P05 | Related tables loaded into SQLite.
2026-09-17 13:42:38 | INFO | P05 | -------------------------------
2026-09-17 13:42:38 | INFO | P05 | 05. QUERY across related tables with SQL.
2026-09-17 13:42:38 | INFO | P05 | -------------------------------
2026-09-17 13:42:38 | INFO | P05 | 
I want to compare the number of employees working at each store.
The result should have one row per store.

The information I need requires all three tables:
 - region name is in regions,
 - store name is in stores,
 - employee info is in employees.

2026-09-17 13:42:38 | INFO | P05 | 
SQL query:

    SELECT 
        p.patient_id,
        p.age,
        p.age_group,
        c.city,
        c.clinic_name
    FROM patient p
    LEFT JOIN clinics c ON p.clinic_id = c.clinic_id
    
2026-09-17 13:42:38 | INFO | P05 | 
Query result:
   patient_id  age age_group        city       clinic_name
0        1001   71       65+  Brookfield  Northside Clinic
1        1002   81       65+  Brookfield  Northside Clinic
2        1003   26     18-34  Brookfield  Northside Clinic
3        1004   30     18-34  Brookfield  Northside Clinic
4        1005   51     50-64  Brookfield  Northside Clinic
2026-09-17 13:42:38 | INFO | P05 | Successfully created text export at: health_top_five.txt
2026-09-17 13:42:38 | INFO | P05 | -------------------------------
2026-09-17 13:42:38 | INFO | P05 | 06. VISUALIZE the query result with Python.
2026-09-17 13:42:38 | INFO | P05 | -------------------------------
2026-09-17 13:42:38 | INFO | P05 | 
The query result includes patient id and 
clinic name. 

A bar chart will show number of unique patients
at each clinic location.


2026-09-17 13:46:53 | INFO | P05 | === RUN START ===
2026-09-17 13:46:53 | INFO | P05 | project=P05 - PYTHON AND SQL
2026-09-17 13:46:53 | INFO | P05 | repo_dir=datafun-05-sql
2026-09-17 13:46:53 | INFO | P05 | python=3.14.7
2026-09-17 13:46:53 | INFO | P05 | os=Darwin 23.5.0
2026-09-17 13:46:53 | INFO | P05 | shell=zsh
2026-09-17 13:46:53 | INFO | P05 | cwd=.
2026-09-17 13:46:53 | INFO | P05 | github_actions=False
2026-09-17 13:46:53 | INFO | P05 | ===================================
2026-09-17 13:46:53 | INFO | P05 | START main()
2026-09-17 13:46:53 | INFO | P05 | ===================================
2026-09-17 13:46:53 | INFO | P05 | -------------------------------
2026-09-17 13:46:53 | INFO | P05 | 01. LOAD the related tables.
2026-09-17 13:46:53 | INFO | P05 | -------------------------------
2026-09-17 13:46:53 | INFO | P05 | regions file = data/retail/region.csv
2026-09-17 13:46:53 | INFO | P05 | stores file = data/retail/store.csv
2026-09-17 13:46:53 | INFO | P05 | employees file = data/retail/employee.csv
2026-09-17 13:46:53 | INFO | P05 | clinic file = data/health/clinic.csv
2026-09-17 13:46:53 | INFO | P05 | lab results file = data/health/lab_result.csv
2026-09-17 13:46:53 | INFO | P05 | patient file = data/health/patient.csv
2026-09-17 13:46:53 | INFO | P05 | visit file = data/health/visit.csv
2026-09-17 13:46:53 | INFO | P05 | Related tables loaded successfully.
2026-09-17 13:46:53 | INFO | P05 | -------------------------------
2026-09-17 13:46:53 | INFO | P05 | 02. INSPECT the grain and keys.
2026-09-17 13:46:53 | INFO | P05 | -------------------------------
2026-09-17 13:46:53 | INFO | P05 | Regions grain: one business region
2026-09-17 13:46:53 | INFO | P05 | Stores grain: one store
2026-09-17 13:46:53 | INFO | P05 | Employees grain: one employee
2026-09-17 13:46:53 | INFO | P05 | Regions columns: ['region_id', 'region_name']
2026-09-17 13:46:53 | INFO | P05 | Stores columns: ['store_id', 'store_name', 'region_id', 'store_type', 'square_feet']
2026-09-17 13:46:53 | INFO | P05 | Employees columns: ['employee_id', 'employee_name', 'store_id', 'role', 'years_employed']
2026-09-17 13:46:53 | INFO | P05 | 
The data is stored in three related tables.

One region can have many stores.
The stores table uses region_id to identify each store's region.

One store can have many employees.
The employees table uses store_id to identify each employee's store.

The shared keys connect information stored in different tables.

2026-09-17 13:46:53 | INFO | P05 | -------------------------------
2026-09-17 13:46:53 | INFO | P05 | 03. CREATE a SQLite database.
2026-09-17 13:46:53 | INFO | P05 | -------------------------------
2026-09-17 13:46:53 | INFO | P05 | SQLite database = data/retail/business.sqlite
2026-09-17 13:46:53 | INFO | P05 | SQLite database = health.sqlite
2026-09-17 13:46:53 | INFO | P05 | SQLite database connection created.
2026-09-17 13:46:53 | INFO | P05 | -------------------------------
2026-09-17 13:46:53 | INFO | P05 | 04. LOAD the tables into SQLite.
2026-09-17 13:46:53 | INFO | P05 | -------------------------------
2026-09-17 13:46:53 | INFO | P05 | Related tables loaded into SQLite.
2026-09-17 13:46:53 | INFO | P05 | -------------------------------
2026-09-17 13:46:53 | INFO | P05 | 05. QUERY across related tables with SQL.
2026-09-17 13:46:53 | INFO | P05 | -------------------------------
2026-09-17 13:46:53 | INFO | P05 | 
I want to compare the number of employees working at each store.
The result should have one row per store.

The information I need requires all three tables:
 - region name is in regions,
 - store name is in stores,
 - employee info is in employees.

2026-09-17 13:46:53 | INFO | P05 | 
SQL query:

    SELECT 
        p.patient_id,
        p.age,
        p.age_group,
        c.city,
        c.clinic_name
    FROM patient p
    LEFT JOIN clinics c ON p.clinic_id = c.clinic_id
    
2026-09-17 13:46:53 | INFO | P05 | 
Query result:
   patient_id  age age_group        city       clinic_name
0        1001   71       65+  Brookfield  Northside Clinic
1        1002   81       65+  Brookfield  Northside Clinic
2        1003   26     18-34  Brookfield  Northside Clinic
3        1004   30     18-34  Brookfield  Northside Clinic
4        1005   51     50-64  Brookfield  Northside Clinic
2026-09-17 13:46:53 | INFO | P05 | Successfully created text export at: health_top_five.txt
2026-09-17 13:46:53 | INFO | P05 | -------------------------------
2026-09-17 13:46:53 | INFO | P05 | 06. VISUALIZE the query result with Python.
2026-09-17 13:46:53 | INFO | P05 | -------------------------------
2026-09-17 13:46:53 | INFO | P05 | 
The query result includes patient id and 
clinic name. 

A bar chart will show number of unique patients
at each clinic location.


2026-09-17 13:48:24 | INFO | P05 | === RUN START ===
2026-09-17 13:48:24 | INFO | P05 | project=P05 - PYTHON AND SQL
2026-09-17 13:48:24 | INFO | P05 | repo_dir=datafun-05-sql
2026-09-17 13:48:24 | INFO | P05 | python=3.14.7
2026-09-17 13:48:24 | INFO | P05 | os=Darwin 23.5.0
2026-09-17 13:48:24 | INFO | P05 | shell=zsh
2026-09-17 13:48:24 | INFO | P05 | cwd=.
2026-09-17 13:48:24 | INFO | P05 | github_actions=False
2026-09-17 13:48:24 | INFO | P05 | ===================================
2026-09-17 13:48:24 | INFO | P05 | START main()
2026-09-17 13:48:24 | INFO | P05 | ===================================
2026-09-17 13:48:24 | INFO | P05 | -------------------------------
2026-09-17 13:48:24 | INFO | P05 | 01. LOAD the related tables.
2026-09-17 13:48:24 | INFO | P05 | -------------------------------
2026-09-17 13:48:24 | INFO | P05 | regions file = data/retail/region.csv
2026-09-17 13:48:24 | INFO | P05 | stores file = data/retail/store.csv
2026-09-17 13:48:24 | INFO | P05 | employees file = data/retail/employee.csv
2026-09-17 13:48:24 | INFO | P05 | clinic file = data/health/clinic.csv
2026-09-17 13:48:24 | INFO | P05 | lab results file = data/health/lab_result.csv
2026-09-17 13:48:24 | INFO | P05 | patient file = data/health/patient.csv
2026-09-17 13:48:24 | INFO | P05 | visit file = data/health/visit.csv
2026-09-17 13:48:24 | INFO | P05 | Related tables loaded successfully.
2026-09-17 13:48:24 | INFO | P05 | -------------------------------
2026-09-17 13:48:24 | INFO | P05 | 02. INSPECT the grain and keys.
2026-09-17 13:48:24 | INFO | P05 | -------------------------------
2026-09-17 13:48:24 | INFO | P05 | Regions grain: one business region
2026-09-17 13:48:24 | INFO | P05 | Stores grain: one store
2026-09-17 13:48:24 | INFO | P05 | Employees grain: one employee
2026-09-17 13:48:24 | INFO | P05 | Regions columns: ['region_id', 'region_name']
2026-09-17 13:48:24 | INFO | P05 | Stores columns: ['store_id', 'store_name', 'region_id', 'store_type', 'square_feet']
2026-09-17 13:48:24 | INFO | P05 | Employees columns: ['employee_id', 'employee_name', 'store_id', 'role', 'years_employed']
2026-09-17 13:48:24 | INFO | P05 | 
The data is stored in three related tables.

One region can have many stores.
The stores table uses region_id to identify each store's region.

One store can have many employees.
The employees table uses store_id to identify each employee's store.

The shared keys connect information stored in different tables.

2026-09-17 13:48:24 | INFO | P05 | -------------------------------
2026-09-17 13:48:24 | INFO | P05 | 03. CREATE a SQLite database.
2026-09-17 13:48:24 | INFO | P05 | -------------------------------
2026-09-17 13:48:24 | INFO | P05 | SQLite database = data/retail/business.sqlite
2026-09-17 13:48:24 | INFO | P05 | SQLite database = health.sqlite
2026-09-17 13:48:24 | INFO | P05 | SQLite database connection created.
2026-09-17 13:48:24 | INFO | P05 | -------------------------------
2026-09-17 13:48:24 | INFO | P05 | 04. LOAD the tables into SQLite.
2026-09-17 13:48:24 | INFO | P05 | -------------------------------
2026-09-17 13:48:24 | INFO | P05 | Related tables loaded into SQLite.
2026-09-17 13:48:24 | INFO | P05 | -------------------------------
2026-09-17 13:48:24 | INFO | P05 | 05. QUERY across related tables with SQL.
2026-09-17 13:48:24 | INFO | P05 | -------------------------------
2026-09-17 13:48:24 | INFO | P05 | 
I want to compare the number of employees working at each store.
The result should have one row per store.

The information I need requires all three tables:
 - region name is in regions,
 - store name is in stores,
 - employee info is in employees.

2026-09-17 13:48:24 | INFO | P05 | 
SQL query:

    SELECT 
        p.patient_id,
        p.age,
        p.age_group,
        c.city,
        c.clinic_name
    FROM patient p
    LEFT JOIN clinics c ON p.clinic_id = c.clinic_id
    
2026-09-17 13:48:24 | INFO | P05 | 
Query result:
   patient_id  age age_group        city       clinic_name
0        1001   71       65+  Brookfield  Northside Clinic
1        1002   81       65+  Brookfield  Northside Clinic
2        1003   26     18-34  Brookfield  Northside Clinic
3        1004   30     18-34  Brookfield  Northside Clinic
4        1005   51     50-64  Brookfield  Northside Clinic
2026-09-17 13:48:24 | INFO | P05 | Successfully created text export at: health_top_five.txt
2026-09-17 13:48:24 | INFO | P05 | -------------------------------
2026-09-17 13:48:24 | INFO | P05 | 06. VISUALIZE the query result with Python.
2026-09-17 13:48:24 | INFO | P05 | -------------------------------
2026-09-17 13:48:24 | INFO | P05 | 
The query result includes patient id and 
clinic name. 

A bar chart will show number of unique patients
at each clinic location.


2026-09-17 13:48:28 | INFO | P05 | Chart saved successfully at docs/images/first-chart.png.
2026-09-17 13:48:28 | INFO | P05 | -------------------------------
2026-09-17 13:48:28 | INFO | P05 | 07. SUMMARIZE what you found.
2026-09-17 13:48:28 | INFO | P05 | -------------------------------
2026-09-17 13:48:28 | INFO | P05 | CUSTOM OBSERVATIONS:
    The SQL query connected information from
    the regions, stores, and employees tables.

    The result has one row per store.

    I observed ...

    Based on this result, I would next like to explore ...
    
2026-09-17 13:48:28 | INFO | P05 | -------------------------------
2026-09-17 13:48:28 | INFO | P05 | 08. DISPLAY the visualization.
2026-09-17 13:48:28 | INFO | P05 | -------------------------------
2026-09-17 13:48:28 | INFO | P05 | In a script, call plt.show() at the end to display all charts.
2026-09-17 13:48:28 | INFO | P05 | Close all chart windows (with the close button) to continue.
2026-09-17 13:48:35 | INFO | P05 | ===================================
2026-09-17 13:48:35 | INFO | P05 | END main() - Executed successfully!
2026-09-17 13:48:35 | INFO | P05 | ===================================
2026-09-17 13:49:00 | INFO | P05 | === RUN START ===
2026-09-17 13:49:00 | INFO | P05 | project=P05 - PYTHON AND SQL
2026-09-17 13:49:00 | INFO | P05 | repo_dir=datafun-05-sql
2026-09-17 13:49:00 | INFO | P05 | python=3.14.7
2026-09-17 13:49:00 | INFO | P05 | os=Darwin 23.5.0
2026-09-17 13:49:00 | INFO | P05 | shell=zsh
2026-09-17 13:49:00 | INFO | P05 | cwd=.
2026-09-17 13:49:00 | INFO | P05 | github_actions=False
2026-09-17 13:49:00 | INFO | P05 | ===================================
2026-09-17 13:49:00 | INFO | P05 | START main()
2026-09-17 13:49:00 | INFO | P05 | ===================================
2026-09-17 13:49:00 | INFO | P05 | -------------------------------
2026-09-17 13:49:00 | INFO | P05 | 01. LOAD the related tables.
2026-09-17 13:49:00 | INFO | P05 | -------------------------------
2026-09-17 13:49:00 | INFO | P05 | regions file = data/retail/region.csv
2026-09-17 13:49:00 | INFO | P05 | stores file = data/retail/store.csv
2026-09-17 13:49:00 | INFO | P05 | employees file = data/retail/employee.csv
2026-09-17 13:49:00 | INFO | P05 | clinic file = data/health/clinic.csv
2026-09-17 13:49:00 | INFO | P05 | lab results file = data/health/lab_result.csv
2026-09-17 13:49:00 | INFO | P05 | patient file = data/health/patient.csv
2026-09-17 13:49:00 | INFO | P05 | visit file = data/health/visit.csv
2026-09-17 13:49:00 | INFO | P05 | Related tables loaded successfully.
2026-09-17 13:49:00 | INFO | P05 | -------------------------------
2026-09-17 13:49:00 | INFO | P05 | 02. INSPECT the grain and keys.
2026-09-17 13:49:00 | INFO | P05 | -------------------------------
2026-09-17 13:49:00 | INFO | P05 | Regions grain: one business region
2026-09-17 13:49:00 | INFO | P05 | Stores grain: one store
2026-09-17 13:49:00 | INFO | P05 | Employees grain: one employee
2026-09-17 13:49:00 | INFO | P05 | Regions columns: ['region_id', 'region_name']
2026-09-17 13:49:00 | INFO | P05 | Stores columns: ['store_id', 'store_name', 'region_id', 'store_type', 'square_feet']
2026-09-17 13:49:00 | INFO | P05 | Employees columns: ['employee_id', 'employee_name', 'store_id', 'role', 'years_employed']
2026-09-17 13:49:00 | INFO | P05 | 
The data is stored in three related tables.

One region can have many stores.
The stores table uses region_id to identify each store's region.

One store can have many employees.
The employees table uses store_id to identify each employee's store.

The shared keys connect information stored in different tables.

2026-09-17 13:49:00 | INFO | P05 | -------------------------------
2026-09-17 13:49:00 | INFO | P05 | 03. CREATE a SQLite database.
2026-09-17 13:49:00 | INFO | P05 | -------------------------------
2026-09-17 13:49:00 | INFO | P05 | SQLite database = data/retail/business.sqlite
2026-09-17 13:49:00 | INFO | P05 | SQLite database = health.sqlite
2026-09-17 13:49:00 | INFO | P05 | SQLite database connection created.
2026-09-17 13:49:00 | INFO | P05 | -------------------------------
2026-09-17 13:49:00 | INFO | P05 | 04. LOAD the tables into SQLite.
2026-09-17 13:49:00 | INFO | P05 | -------------------------------
2026-09-17 13:49:00 | INFO | P05 | Related tables loaded into SQLite.
2026-09-17 13:49:00 | INFO | P05 | -------------------------------
2026-09-17 13:49:00 | INFO | P05 | 05. QUERY across related tables with SQL.
2026-09-17 13:49:00 | INFO | P05 | -------------------------------
2026-09-17 13:49:00 | INFO | P05 | 
I want to compare the number of employees working at each store.
The result should have one row per store.

The information I need requires all three tables:
 - region name is in regions,
 - store name is in stores,
 - employee info is in employees.

2026-09-17 13:49:00 | INFO | P05 | 
SQL query:

    SELECT 
        p.patient_id,
        p.age,
        p.age_group,
        c.city,
        c.clinic_name
    FROM patient p
    LEFT JOIN clinics c ON p.clinic_id = c.clinic_id
    
2026-09-17 13:49:00 | INFO | P05 | 
Query result:
   patient_id  age age_group        city       clinic_name
0        1001   71       65+  Brookfield  Northside Clinic
1        1002   81       65+  Brookfield  Northside Clinic
2        1003   26     18-34  Brookfield  Northside Clinic
3        1004   30     18-34  Brookfield  Northside Clinic
4        1005   51     50-64  Brookfield  Northside Clinic
2026-09-17 13:49:00 | INFO | P05 | Successfully created text export at: health_top_five.txt
2026-09-17 13:49:00 | INFO | P05 | -------------------------------
2026-09-17 13:49:00 | INFO | P05 | 06. VISUALIZE the query result with Python.
2026-09-17 13:49:00 | INFO | P05 | -------------------------------
2026-09-17 13:49:00 | INFO | P05 | 
The query result includes patient id and 
clinic name. 

A bar chart will show number of unique patients
at each clinic location.


2026-09-17 13:53:20 | INFO | P05 | === RUN START ===
2026-09-17 13:53:20 | INFO | P05 | project=P05 - PYTHON AND SQL
2026-09-17 13:53:20 | INFO | P05 | repo_dir=datafun-05-sql
2026-09-17 13:53:20 | INFO | P05 | python=3.14.7
2026-09-17 13:53:20 | INFO | P05 | os=Darwin 23.5.0
2026-09-17 13:53:20 | INFO | P05 | shell=zsh
2026-09-17 13:53:20 | INFO | P05 | cwd=.
2026-09-17 13:53:20 | INFO | P05 | github_actions=False
2026-09-17 13:53:20 | INFO | P05 | ===================================
2026-09-17 13:53:20 | INFO | P05 | START main()
2026-09-17 13:53:20 | INFO | P05 | ===================================
2026-09-17 13:53:20 | INFO | P05 | -------------------------------
2026-09-17 13:53:20 | INFO | P05 | 01. LOAD the related tables.
2026-09-17 13:53:20 | INFO | P05 | -------------------------------
2026-09-17 13:53:20 | INFO | P05 | regions file = data/retail/region.csv
2026-09-17 13:53:20 | INFO | P05 | stores file = data/retail/store.csv
2026-09-17 13:53:20 | INFO | P05 | employees file = data/retail/employee.csv
2026-09-17 13:53:20 | INFO | P05 | clinic file = data/health/clinic.csv
2026-09-17 13:53:20 | INFO | P05 | lab results file = data/health/lab_result.csv
2026-09-17 13:53:20 | INFO | P05 | patient file = data/health/patient.csv
2026-09-17 13:53:20 | INFO | P05 | visit file = data/health/visit.csv
2026-09-17 13:53:20 | INFO | P05 | Related tables loaded successfully.
2026-09-17 13:53:20 | INFO | P05 | -------------------------------
2026-09-17 13:53:20 | INFO | P05 | 02. INSPECT the grain and keys.
2026-09-17 13:53:20 | INFO | P05 | -------------------------------
2026-09-17 13:53:20 | INFO | P05 | Regions grain: one business region
2026-09-17 13:53:20 | INFO | P05 | Stores grain: one store
2026-09-17 13:53:20 | INFO | P05 | Employees grain: one employee
2026-09-17 13:53:20 | INFO | P05 | Regions columns: ['region_id', 'region_name']
2026-09-17 13:53:20 | INFO | P05 | Stores columns: ['store_id', 'store_name', 'region_id', 'store_type', 'square_feet']
2026-09-17 13:53:20 | INFO | P05 | Employees columns: ['employee_id', 'employee_name', 'store_id', 'role', 'years_employed']
2026-09-17 13:53:20 | INFO | P05 | 
The data is stored in three related tables.

One region can have many stores.
The stores table uses region_id to identify each store's region.

One store can have many employees.
The employees table uses store_id to identify each employee's store.

The shared keys connect information stored in different tables.

2026-09-17 13:53:20 | INFO | P05 | -------------------------------
2026-09-17 13:53:20 | INFO | P05 | 03. CREATE a SQLite database.
2026-09-17 13:53:20 | INFO | P05 | -------------------------------
2026-09-17 13:53:20 | INFO | P05 | SQLite database = data/retail/business.sqlite
2026-09-17 13:53:20 | INFO | P05 | SQLite database = health.sqlite
2026-09-17 13:53:20 | INFO | P05 | SQLite database connection created.
2026-09-17 13:53:20 | INFO | P05 | -------------------------------
2026-09-17 13:53:20 | INFO | P05 | 04. LOAD the tables into SQLite.
2026-09-17 13:53:20 | INFO | P05 | -------------------------------
2026-09-17 13:53:20 | INFO | P05 | Related tables loaded into SQLite.
2026-09-17 13:53:20 | INFO | P05 | -------------------------------
2026-09-17 13:53:20 | INFO | P05 | 05. QUERY across related tables with SQL.
2026-09-17 13:53:20 | INFO | P05 | -------------------------------
2026-09-17 13:53:20 | INFO | P05 | 
I want to compare the number of employees working at each store.
The result should have one row per store.

The information I need requires all three tables:
 - region name is in regions,
 - store name is in stores,
 - employee info is in employees.

2026-09-17 13:53:20 | INFO | P05 | 
SQL query:

    SELECT 
        p.patient_id,
        p.age,
        p.age_group,
        c.city,
        c.clinic_name
    FROM patient p
    LEFT JOIN clinics c ON p.clinic_id = c.clinic_id
    
2026-09-17 13:53:20 | INFO | P05 | 
Query result:
   patient_id  age age_group        city       clinic_name
0        1001   71       65+  Brookfield  Northside Clinic
1        1002   81       65+  Brookfield  Northside Clinic
2        1003   26     18-34  Brookfield  Northside Clinic
3        1004   30     18-34  Brookfield  Northside Clinic
4        1005   51     50-64  Brookfield  Northside Clinic
2026-09-17 13:53:20 | INFO | P05 | Successfully created text export at: health_top_five.txt
2026-09-17 13:53:20 | INFO | P05 | -------------------------------
2026-09-17 13:53:20 | INFO | P05 | 06. VISUALIZE the query result with Python.
2026-09-17 13:53:20 | INFO | P05 | -------------------------------
2026-09-17 13:53:20 | INFO | P05 | 
The query result includes patient id and 
clinic name. 

A bar chart will show number of unique patients
at each clinic location.


2026-09-17 13:53:29 | INFO | P05 | Chart saved successfully at docs/images/first-chart.png.
2026-09-17 13:53:29 | INFO | P05 | -------------------------------
2026-09-17 13:53:29 | INFO | P05 | 07. SUMMARIZE what you found.
2026-09-17 13:53:29 | INFO | P05 | -------------------------------
2026-09-17 13:53:29 | INFO | P05 | CUSTOM OBSERVATIONS:
    The SQL query connected information from
    the regions, stores, and employees tables.

    The result has one row per store.

    I observed ...

    Based on this result, I would next like to explore ...
    
2026-09-17 13:53:29 | INFO | P05 | -------------------------------
2026-09-17 13:53:29 | INFO | P05 | 08. DISPLAY the visualization.
2026-09-17 13:53:29 | INFO | P05 | -------------------------------
2026-09-17 13:53:29 | INFO | P05 | In a script, call plt.show() at the end to display all charts.
2026-09-17 13:53:29 | INFO | P05 | Close all chart windows (with the close button) to continue.
2026-09-17 13:53:29 | INFO | P05 | ===================================
2026-09-17 13:53:29 | INFO | P05 | END main() - Executed successfully!
2026-09-17 13:53:29 | INFO | P05 | ===================================
2026-09-17 14:02:06 | INFO | P05 | === RUN START ===
2026-09-17 14:02:06 | INFO | P05 | project=P05 - PYTHON AND SQL
2026-09-17 14:02:06 | INFO | P05 | repo_dir=datafun-05-sql
2026-09-17 14:02:06 | INFO | P05 | python=3.14.7
2026-09-17 14:02:06 | INFO | P05 | os=Darwin 23.5.0
2026-09-17 14:02:06 | INFO | P05 | shell=zsh
2026-09-17 14:02:06 | INFO | P05 | cwd=.
2026-09-17 14:02:06 | INFO | P05 | github_actions=False
2026-09-17 14:02:06 | INFO | P05 | ===================================
2026-09-17 14:02:06 | INFO | P05 | START main()
2026-09-17 14:02:06 | INFO | P05 | ===================================
2026-09-17 14:02:06 | INFO | P05 | -------------------------------
2026-09-17 14:02:06 | INFO | P05 | 01. LOAD the related tables.
2026-09-17 14:02:06 | INFO | P05 | -------------------------------
2026-09-17 14:02:06 | INFO | P05 | regions file = data/retail/region.csv
2026-09-17 14:02:06 | INFO | P05 | stores file = data/retail/store.csv
2026-09-17 14:02:06 | INFO | P05 | employees file = data/retail/employee.csv
2026-09-17 14:02:06 | INFO | P05 | clinic file = data/health/clinic.csv
2026-09-17 14:02:06 | INFO | P05 | lab results file = data/health/lab_result.csv
2026-09-17 14:02:06 | INFO | P05 | patient file = data/health/patient.csv
2026-09-17 14:02:06 | INFO | P05 | visit file = data/health/visit.csv
2026-09-17 14:02:06 | INFO | P05 | Related tables loaded successfully.
2026-09-17 14:02:06 | INFO | P05 | -------------------------------
2026-09-17 14:02:06 | INFO | P05 | 02. INSPECT the grain and keys.
2026-09-17 14:02:06 | INFO | P05 | -------------------------------
2026-09-17 14:02:06 | INFO | P05 | Regions grain: one business region
2026-09-17 14:02:06 | INFO | P05 | Stores grain: one store
2026-09-17 14:02:06 | INFO | P05 | Employees grain: one employee
2026-09-17 14:02:06 | INFO | P05 | Regions columns: ['region_id', 'region_name']
2026-09-17 14:02:06 | INFO | P05 | Stores columns: ['store_id', 'store_name', 'region_id', 'store_type', 'square_feet']
2026-09-17 14:02:06 | INFO | P05 | Employees columns: ['employee_id', 'employee_name', 'store_id', 'role', 'years_employed']
2026-09-17 14:02:06 | INFO | P05 | 
The data is stored in three related tables.

One region can have many stores.
The stores table uses region_id to identify each store's region.

One store can have many employees.
The employees table uses store_id to identify each employee's store.

The shared keys connect information stored in different tables.

2026-09-17 14:02:06 | INFO | P05 | -------------------------------
2026-09-17 14:02:06 | INFO | P05 | 03. CREATE a SQLite database.
2026-09-17 14:02:06 | INFO | P05 | -------------------------------
2026-09-17 14:02:06 | INFO | P05 | SQLite database = data/retail/business.sqlite
2026-09-17 14:02:06 | INFO | P05 | SQLite database = health.sqlite
2026-09-17 14:02:06 | INFO | P05 | SQLite database connection created.
2026-09-17 14:02:06 | INFO | P05 | -------------------------------
2026-09-17 14:02:06 | INFO | P05 | 04. LOAD the tables into SQLite.
2026-09-17 14:02:06 | INFO | P05 | -------------------------------
2026-09-17 14:02:06 | INFO | P05 | Related tables loaded into SQLite.
2026-09-17 14:02:06 | INFO | P05 | -------------------------------
2026-09-17 14:02:06 | INFO | P05 | 05. QUERY across related tables with SQL.
2026-09-17 14:02:06 | INFO | P05 | -------------------------------
2026-09-17 14:02:06 | INFO | P05 | 
I want to compare the number of employees working at each store.
The result should have one row per store.

The information I need requires all three tables:
 - region name is in regions,
 - store name is in stores,
 - employee info is in employees.

2026-09-17 14:02:06 | INFO | P05 | 
SQL query:

    SELECT 
        p.patient_id,
        p.age,
        p.age_group,
        c.city,
        c.clinic_name
    FROM patient p
    LEFT JOIN clinics c ON p.clinic_id = c.clinic_id
    
2026-09-17 14:02:06 | INFO | P05 | 
Query result:
   patient_id  age age_group        city       clinic_name
0        1001   71       65+  Brookfield  Northside Clinic
1        1002   81       65+  Brookfield  Northside Clinic
2        1003   26     18-34  Brookfield  Northside Clinic
3        1004   30     18-34  Brookfield  Northside Clinic
4        1005   51     50-64  Brookfield  Northside Clinic
2026-09-17 14:02:06 | INFO | P05 | Successfully created text export at: health_top_five.txt
2026-09-17 14:02:06 | INFO | P05 | -------------------------------
2026-09-17 14:02:06 | INFO | P05 | 06. VISUALIZE the query result with Python.
2026-09-17 14:02:06 | INFO | P05 | -------------------------------
2026-09-17 14:02:06 | INFO | P05 | 
The query result includes patient id and 
clinic name. 

A bar chart will show number of unique patients
at each clinic location.


2026-09-17 14:02:11 | INFO | P05 | Chart saved successfully at docs/images/first-chart.png.
2026-09-17 14:02:11 | INFO | P05 | -------------------------------
2026-09-17 14:02:11 | INFO | P05 | 07. SUMMARIZE what you found.
2026-09-17 14:02:11 | INFO | P05 | -------------------------------
2026-09-17 14:02:11 | INFO | P05 | CUSTOM OBSERVATIONS:
    The SQL query connected information from
    patient and clinic tables.

    The result has one row per patient.

    The fewest patients were at Central Clinic. 
    
2026-09-17 14:02:11 | INFO | P05 | -------------------------------
2026-09-17 14:02:11 | INFO | P05 | 08. DISPLAY the visualization.
2026-09-17 14:02:11 | INFO | P05 | -------------------------------
2026-09-17 14:02:11 | INFO | P05 | In a script, call plt.show() at the end to display all charts.
2026-09-17 14:02:11 | INFO | P05 | Close all chart windows (with the close button) to continue.
2026-09-17 14:02:11 | INFO | P05 | ===================================
2026-09-17 14:02:11 | INFO | P05 | END main() - Executed successfully!
2026-09-17 14:02:11 | INFO | P05 | ===================================
2026-09-17 14:06:03 | INFO | P05 | === RUN START ===
2026-09-17 14:06:03 | INFO | P05 | project=P05 - PYTHON AND SQL
2026-09-17 14:06:03 | INFO | P05 | repo_dir=datafun-05-sql
2026-09-17 14:06:03 | INFO | P05 | python=3.14.7
2026-09-17 14:06:03 | INFO | P05 | os=Darwin 23.5.0
2026-09-17 14:06:03 | INFO | P05 | shell=zsh
2026-09-17 14:06:03 | INFO | P05 | cwd=.
2026-09-17 14:06:03 | INFO | P05 | github_actions=False
2026-09-17 14:06:03 | INFO | P05 | ===================================
2026-09-17 14:06:03 | INFO | P05 | START main()
2026-09-17 14:06:03 | INFO | P05 | ===================================
2026-09-17 14:06:03 | INFO | P05 | -------------------------------
2026-09-17 14:06:03 | INFO | P05 | 01. LOAD the related tables.
2026-09-17 14:06:03 | INFO | P05 | -------------------------------
2026-09-17 14:06:03 | INFO | P05 | regions file = data/retail/region.csv
2026-09-17 14:06:03 | INFO | P05 | stores file = data/retail/store.csv
2026-09-17 14:06:03 | INFO | P05 | employees file = data/retail/employee.csv
2026-09-17 14:06:03 | INFO | P05 | clinic file = data/health/clinic.csv
2026-09-17 14:06:03 | INFO | P05 | lab results file = data/health/lab_result.csv
2026-09-17 14:06:03 | INFO | P05 | patient file = data/health/patient.csv
2026-09-17 14:06:03 | INFO | P05 | visit file = data/health/visit.csv
2026-09-17 14:06:03 | INFO | P05 | Related tables loaded successfully.
2026-09-17 14:06:03 | INFO | P05 | -------------------------------
2026-09-17 14:06:03 | INFO | P05 | 02. INSPECT the grain and keys.
2026-09-17 14:06:03 | INFO | P05 | -------------------------------
2026-09-17 14:06:03 | INFO | P05 | Regions grain: one business region
2026-09-17 14:06:03 | INFO | P05 | Stores grain: one store
2026-09-17 14:06:03 | INFO | P05 | Employees grain: one employee
2026-09-17 14:06:03 | INFO | P05 | Regions columns: ['region_id', 'region_name']
2026-09-17 14:06:03 | INFO | P05 | Stores columns: ['store_id', 'store_name', 'region_id', 'store_type', 'square_feet']
2026-09-17 14:06:03 | INFO | P05 | Employees columns: ['employee_id', 'employee_name', 'store_id', 'role', 'years_employed']
2026-09-17 14:06:03 | INFO | P05 | 
The data is stored in three related tables.

One region can have many stores.
The stores table uses region_id to identify each store's region.

One store can have many employees.
The employees table uses store_id to identify each employee's store.

The shared keys connect information stored in different tables.

2026-09-17 14:06:03 | INFO | P05 | -------------------------------
2026-09-17 14:06:03 | INFO | P05 | 03. CREATE a SQLite database.
2026-09-17 14:06:03 | INFO | P05 | -------------------------------
2026-09-17 14:06:03 | INFO | P05 | SQLite database = data/retail/business.sqlite
2026-09-17 14:06:03 | INFO | P05 | SQLite database = health.sqlite
2026-09-17 14:06:03 | INFO | P05 | SQLite database connection created.
2026-09-17 14:06:03 | INFO | P05 | -------------------------------
2026-09-17 14:06:03 | INFO | P05 | 04. LOAD the tables into SQLite.
2026-09-17 14:06:03 | INFO | P05 | -------------------------------
2026-09-17 14:06:03 | INFO | P05 | Related tables loaded into SQLite.
2026-09-17 14:06:03 | INFO | P05 | -------------------------------
2026-09-17 14:06:03 | INFO | P05 | 05. QUERY across related tables with SQL.
2026-09-17 14:06:03 | INFO | P05 | -------------------------------
2026-09-17 14:06:03 | INFO | P05 | 
I want to compare number of patients at each clinic location.
The result should have one row per patient.



2026-09-17 14:06:03 | INFO | P05 | 
SQL query:

    SELECT 
        p.patient_id,
        p.age,
        p.age_group,
        c.city,
        c.clinic_name
    FROM patient p
    LEFT JOIN clinics c ON p.clinic_id = c.clinic_id
    
2026-09-17 14:06:04 | INFO | P05 | 
Query result:
   patient_id  age age_group        city       clinic_name
0        1001   71       65+  Brookfield  Northside Clinic
1        1002   81       65+  Brookfield  Northside Clinic
2        1003   26     18-34  Brookfield  Northside Clinic
3        1004   30     18-34  Brookfield  Northside Clinic
4        1005   51     50-64  Brookfield  Northside Clinic
2026-09-17 14:06:04 | INFO | P05 | Successfully created text export at: health_top_five.txt
2026-09-17 14:06:04 | INFO | P05 | -------------------------------
2026-09-17 14:06:04 | INFO | P05 | 06. VISUALIZE the query result with Python.
2026-09-17 14:06:04 | INFO | P05 | -------------------------------
2026-09-17 14:06:04 | INFO | P05 | 
The query result includes patient id and 
clinic name. 

A bar chart will show number of unique patients
at each clinic location.


2026-09-17 14:06:07 | INFO | P05 | Chart saved successfully at docs/images/first-chart.png.
2026-09-17 14:06:07 | INFO | P05 | -------------------------------
2026-09-17 14:06:07 | INFO | P05 | 07. SUMMARIZE what you found.
2026-09-17 14:06:07 | INFO | P05 | -------------------------------
2026-09-17 14:06:07 | INFO | P05 | CUSTOM OBSERVATIONS:
    The SQL query connected information from
    patient and clinic tables.

    The result has one row per patient.

    The fewest patients were at Central Clinic. 
    
2026-09-17 14:06:07 | INFO | P05 | -------------------------------
2026-09-17 14:06:07 | INFO | P05 | 08. DISPLAY the visualization.
2026-09-17 14:06:07 | INFO | P05 | -------------------------------
2026-09-17 14:06:07 | INFO | P05 | In a script, call plt.show() at the end to display all charts.
2026-09-17 14:06:07 | INFO | P05 | Close all chart windows (with the close button) to continue.
2026-09-17 14:06:07 | INFO | P05 | ===================================
2026-09-17 14:06:07 | INFO | P05 | END main() - Executed successfully!
2026-09-17 14:06:07 | INFO | P05 | ===================================
2026-09-17 14:07:30 | INFO | P05 | === RUN START ===
2026-09-17 14:07:30 | INFO | P05 | project=P05 - PYTHON AND SQL
2026-09-17 14:07:30 | INFO | P05 | repo_dir=datafun-05-sql
2026-09-17 14:07:30 | INFO | P05 | python=3.14.7
2026-09-17 14:07:30 | INFO | P05 | os=Darwin 23.5.0
2026-09-17 14:07:30 | INFO | P05 | shell=zsh
2026-09-17 14:07:30 | INFO | P05 | cwd=.
2026-09-17 14:07:30 | INFO | P05 | github_actions=False
2026-09-17 14:07:30 | INFO | P05 | ===================================
2026-09-17 14:07:30 | INFO | P05 | START main()
2026-09-17 14:07:30 | INFO | P05 | ===================================
2026-09-17 14:07:30 | INFO | P05 | -------------------------------
2026-09-17 14:07:30 | INFO | P05 | 01. LOAD the related tables.
2026-09-17 14:07:30 | INFO | P05 | -------------------------------
2026-09-17 14:07:30 | INFO | P05 | clinic file = data/health/clinic.csv
2026-09-17 14:07:30 | INFO | P05 | lab results file = data/health/lab_result.csv
2026-09-17 14:07:30 | INFO | P05 | patient file = data/health/patient.csv
2026-09-17 14:07:30 | INFO | P05 | visit file = data/health/visit.csv
2026-09-17 14:07:30 | INFO | P05 | Related tables loaded successfully.
2026-09-17 14:07:30 | INFO | P05 | -------------------------------
2026-09-17 14:07:30 | INFO | P05 | 02. INSPECT the grain and keys.
2026-09-17 14:07:30 | INFO | P05 | -------------------------------
2026-09-17 14:07:30 | INFO | P05 | Regions grain: one business region
2026-09-17 14:07:30 | INFO | P05 | Stores grain: one store
2026-09-17 14:07:30 | INFO | P05 | Employees grain: one employee
2026-09-17 14:07:30 | INFO | P05 | Regions columns: ['region_id', 'region_name']
2026-09-17 14:07:30 | INFO | P05 | Stores columns: ['store_id', 'store_name', 'region_id', 'store_type', 'square_feet']
2026-09-17 14:07:30 | INFO | P05 | Employees columns: ['employee_id', 'employee_name', 'store_id', 'role', 'years_employed']
2026-09-17 14:07:30 | INFO | P05 | 
The data is stored in three related tables.

One region can have many stores.
The stores table uses region_id to identify each store's region.

One store can have many employees.
The employees table uses store_id to identify each employee's store.

The shared keys connect information stored in different tables.

2026-09-17 14:07:30 | INFO | P05 | -------------------------------
2026-09-17 14:07:30 | INFO | P05 | 03. CREATE a SQLite database.
2026-09-17 14:07:30 | INFO | P05 | -------------------------------
2026-09-17 14:07:30 | INFO | P05 | SQLite database = data/retail/business.sqlite
2026-09-17 14:07:30 | INFO | P05 | SQLite database = health.sqlite
2026-09-17 14:07:30 | INFO | P05 | SQLite database connection created.
2026-09-17 14:07:30 | INFO | P05 | -------------------------------
2026-09-17 14:07:30 | INFO | P05 | 04. LOAD the tables into SQLite.
2026-09-17 14:07:30 | INFO | P05 | -------------------------------
2026-09-17 14:07:30 | INFO | P05 | Related tables loaded into SQLite.
2026-09-17 14:07:30 | INFO | P05 | -------------------------------
2026-09-17 14:07:30 | INFO | P05 | 05. QUERY across related tables with SQL.
2026-09-17 14:07:30 | INFO | P05 | -------------------------------
2026-09-17 14:07:30 | INFO | P05 | 
I want to compare number of patients at each clinic location.
The result should have one row per patient.



2026-09-17 14:07:30 | INFO | P05 | 
SQL query:

    SELECT 
        p.patient_id,
        p.age,
        p.age_group,
        c.city,
        c.clinic_name
    FROM patient p
    LEFT JOIN clinics c ON p.clinic_id = c.clinic_id
    
2026-09-17 14:07:30 | INFO | P05 | 
Query result:
   patient_id  age age_group        city       clinic_name
0        1001   71       65+  Brookfield  Northside Clinic
1        1002   81       65+  Brookfield  Northside Clinic
2        1003   26     18-34  Brookfield  Northside Clinic
3        1004   30     18-34  Brookfield  Northside Clinic
4        1005   51     50-64  Brookfield  Northside Clinic
2026-09-17 14:07:30 | INFO | P05 | Successfully created text export at: health_top_five.txt
2026-09-17 14:07:30 | INFO | P05 | -------------------------------
2026-09-17 14:07:30 | INFO | P05 | 06. VISUALIZE the query result with Python.
2026-09-17 14:07:30 | INFO | P05 | -------------------------------
2026-09-17 14:07:30 | INFO | P05 | 
The query result includes patient id and 
clinic name. 

A bar chart will show number of unique patients
at each clinic location.


2026-09-17 14:07:32 | INFO | P05 | Chart saved successfully at docs/images/first-chart.png.
2026-09-17 14:07:32 | INFO | P05 | -------------------------------
2026-09-17 14:07:32 | INFO | P05 | 07. SUMMARIZE what you found.
2026-09-17 14:07:32 | INFO | P05 | -------------------------------
2026-09-17 14:07:32 | INFO | P05 | CUSTOM OBSERVATIONS:
    The SQL query connected information from
    patient and clinic tables.

    The result has one row per patient.

    The fewest patients were at Central Clinic. 
    
2026-09-17 14:07:32 | INFO | P05 | -------------------------------
2026-09-17 14:07:32 | INFO | P05 | 08. DISPLAY the visualization.
2026-09-17 14:07:32 | INFO | P05 | -------------------------------
2026-09-17 14:07:32 | INFO | P05 | In a script, call plt.show() at the end to display all charts.
2026-09-17 14:07:32 | INFO | P05 | Close all chart windows (with the close button) to continue.
2026-09-17 14:07:32 | INFO | P05 | ===================================
2026-09-17 14:07:32 | INFO | P05 | END main() - Executed successfully!
2026-09-17 14:07:32 | INFO | P05 | ===================================
2026-09-17 14:11:44 | INFO | P05 | === RUN START ===
2026-09-17 14:11:44 | INFO | P05 | project=P05 - PYTHON AND SQL
2026-09-17 14:11:44 | INFO | P05 | repo_dir=datafun-05-sql
2026-09-17 14:11:44 | INFO | P05 | python=3.14.7
2026-09-17 14:11:44 | INFO | P05 | os=Darwin 23.5.0
2026-09-17 14:11:44 | INFO | P05 | shell=zsh
2026-09-17 14:11:44 | INFO | P05 | cwd=.
2026-09-17 14:11:44 | INFO | P05 | github_actions=False
2026-09-17 14:11:44 | INFO | P05 | ===================================
2026-09-17 14:11:44 | INFO | P05 | START main()
2026-09-17 14:11:44 | INFO | P05 | ===================================
2026-09-17 14:11:44 | INFO | P05 | -------------------------------
2026-09-17 14:11:44 | INFO | P05 | 01. LOAD the related tables.
2026-09-17 14:11:44 | INFO | P05 | -------------------------------
2026-09-17 14:11:44 | INFO | P05 | clinic file = data/health/clinic.csv
2026-09-17 14:11:44 | INFO | P05 | lab results file = data/health/lab_result.csv
2026-09-17 14:11:44 | INFO | P05 | patient file = data/health/patient.csv
2026-09-17 14:11:44 | INFO | P05 | visit file = data/health/visit.csv
2026-09-17 14:11:44 | INFO | P05 | Related tables loaded successfully.
2026-09-17 14:11:44 | INFO | P05 | -------------------------------
2026-09-17 14:11:44 | INFO | P05 | 02. INSPECT the grain and keys.
2026-09-17 14:11:44 | INFO | P05 | -------------------------------
2026-09-17 14:11:44 | INFO | P05 | Regions columns: ['region_id', 'region_name']
2026-09-17 14:11:44 | INFO | P05 | Stores columns: ['store_id', 'store_name', 'region_id', 'store_type', 'square_feet']
2026-09-17 14:11:44 | INFO | P05 | Employees columns: ['employee_id', 'employee_name', 'store_id', 'role', 'years_employed']
2026-09-17 14:11:44 | INFO | P05 | 
The data is stored in three related tables.

One region can have many stores.
The stores table uses region_id to identify each store's region.

One store can have many employees.
The employees table uses store_id to identify each employee's store.

The shared keys connect information stored in different tables.

2026-09-17 14:11:44 | INFO | P05 | -------------------------------
2026-09-17 14:11:44 | INFO | P05 | 03. CREATE a SQLite database.
2026-09-17 14:11:44 | INFO | P05 | -------------------------------
2026-09-17 14:11:44 | INFO | P05 | SQLite database = data/retail/business.sqlite
2026-09-17 14:11:44 | INFO | P05 | SQLite database = health.sqlite
2026-09-17 14:11:44 | INFO | P05 | SQLite database connection created.
2026-09-17 14:11:44 | INFO | P05 | -------------------------------
2026-09-17 14:11:44 | INFO | P05 | 04. LOAD the tables into SQLite.
2026-09-17 14:11:44 | INFO | P05 | -------------------------------
2026-09-17 14:11:44 | INFO | P05 | Related tables loaded into SQLite.
2026-09-17 14:11:44 | INFO | P05 | -------------------------------
2026-09-17 14:11:44 | INFO | P05 | 05. QUERY across related tables with SQL.
2026-09-17 14:11:44 | INFO | P05 | -------------------------------
2026-09-17 14:11:44 | INFO | P05 | 
I want to compare number of patients at each clinic location.
The result should have one row per patient.



2026-09-17 14:11:44 | INFO | P05 | 
SQL query:

    SELECT 
        p.patient_id,
        p.age,
        p.age_group,
        c.city,
        c.clinic_name
    FROM patient p
    LEFT JOIN clinics c ON p.clinic_id = c.clinic_id
    
2026-09-17 14:11:44 | INFO | P05 | 
Query result:
   patient_id  age age_group        city       clinic_name
0        1001   71       65+  Brookfield  Northside Clinic
1        1002   81       65+  Brookfield  Northside Clinic
2        1003   26     18-34  Brookfield  Northside Clinic
3        1004   30     18-34  Brookfield  Northside Clinic
4        1005   51     50-64  Brookfield  Northside Clinic
2026-09-17 14:11:44 | INFO | P05 | Successfully created text export at: health_top_five.txt
2026-09-17 14:11:44 | INFO | P05 | -------------------------------
2026-09-17 14:11:44 | INFO | P05 | 06. VISUALIZE the query result with Python.
2026-09-17 14:11:44 | INFO | P05 | -------------------------------
2026-09-17 14:11:44 | INFO | P05 | 
The query result includes patient id and 
clinic name. 

A bar chart will show number of unique patients
at each clinic location.


2026-09-17 14:11:47 | INFO | P05 | Chart saved successfully at docs/images/first-chart.png.
2026-09-17 14:11:47 | INFO | P05 | -------------------------------
2026-09-17 14:11:47 | INFO | P05 | 07. SUMMARIZE what you found.
2026-09-17 14:11:47 | INFO | P05 | -------------------------------
2026-09-17 14:11:47 | INFO | P05 | CUSTOM OBSERVATIONS:
    The SQL query connected information from
    patient and clinic tables.

    The result has one row per patient.

    The fewest patients were at Central Clinic. 
    
2026-09-17 14:11:47 | INFO | P05 | -------------------------------
2026-09-17 14:11:47 | INFO | P05 | 08. DISPLAY the visualization.
2026-09-17 14:11:47 | INFO | P05 | -------------------------------
2026-09-17 14:11:47 | INFO | P05 | In a script, call plt.show() at the end to display all charts.
2026-09-17 14:11:47 | INFO | P05 | Close all chart windows (with the close button) to continue.
2026-09-17 14:11:47 | INFO | P05 | ===================================
2026-09-17 14:11:47 | INFO | P05 | END main() - Executed successfully!
2026-09-17 14:11:47 | INFO | P05 | ===================================
2026-09-17 14:14:06 | INFO | P05 | === RUN START ===
2026-09-17 14:14:06 | INFO | P05 | project=P05 - PYTHON AND SQL
2026-09-17 14:14:06 | INFO | P05 | repo_dir=datafun-05-sql
2026-09-17 14:14:06 | INFO | P05 | python=3.14.7
2026-09-17 14:14:06 | INFO | P05 | os=Darwin 23.5.0
2026-09-17 14:14:06 | INFO | P05 | shell=zsh
2026-09-17 14:14:06 | INFO | P05 | cwd=.
2026-09-17 14:14:06 | INFO | P05 | github_actions=False
2026-09-17 14:14:06 | INFO | P05 | ===================================
2026-09-17 14:14:06 | INFO | P05 | START main()
2026-09-17 14:14:06 | INFO | P05 | ===================================
2026-09-17 14:14:06 | INFO | P05 | -------------------------------
2026-09-17 14:14:06 | INFO | P05 | 01. LOAD the related tables.
2026-09-17 14:14:06 | INFO | P05 | -------------------------------
2026-09-17 14:14:06 | INFO | P05 | clinic file = data/health/clinic.csv
2026-09-17 14:14:06 | INFO | P05 | lab results file = data/health/lab_result.csv
2026-09-17 14:14:06 | INFO | P05 | patient file = data/health/patient.csv
2026-09-17 14:14:06 | INFO | P05 | visit file = data/health/visit.csv
2026-09-17 14:14:06 | INFO | P05 | Related tables loaded successfully.
2026-09-17 14:14:06 | INFO | P05 | -------------------------------
2026-09-17 14:14:06 | INFO | P05 | 02. INSPECT the grain and keys.
2026-09-17 14:14:06 | INFO | P05 | -------------------------------
2026-09-17 14:14:06 | INFO | P05 | Clinic grain: one clinic
2026-09-17 14:14:06 | INFO | P05 | Patient grain: one patient
2026-09-17 14:14:06 | INFO | P05 | Regions columns: ['region_id', 'region_name']
2026-09-17 14:14:06 | INFO | P05 | Stores columns: ['store_id', 'store_name', 'region_id', 'store_type', 'square_feet']
2026-09-17 14:14:06 | INFO | P05 | 
The data is stored in three related tables.

One region can have many stores.
The stores table uses region_id to identify each store's region.

One store can have many employees.
The employees table uses store_id to identify each employee's store.

The shared keys connect information stored in different tables.

2026-09-17 14:14:06 | INFO | P05 | -------------------------------
2026-09-17 14:14:06 | INFO | P05 | 03. CREATE a SQLite database.
2026-09-17 14:14:06 | INFO | P05 | -------------------------------
2026-09-17 14:14:06 | INFO | P05 | SQLite database = data/retail/business.sqlite
2026-09-17 14:14:06 | INFO | P05 | SQLite database = health.sqlite
2026-09-17 14:14:06 | INFO | P05 | SQLite database connection created.
2026-09-17 14:14:06 | INFO | P05 | -------------------------------
2026-09-17 14:14:06 | INFO | P05 | 04. LOAD the tables into SQLite.
2026-09-17 14:14:06 | INFO | P05 | -------------------------------
2026-09-17 14:14:06 | INFO | P05 | Related tables loaded into SQLite.
2026-09-17 14:14:06 | INFO | P05 | -------------------------------
2026-09-17 14:14:06 | INFO | P05 | 05. QUERY across related tables with SQL.
2026-09-17 14:14:06 | INFO | P05 | -------------------------------
2026-09-17 14:14:06 | INFO | P05 | 
I want to compare number of patients at each clinic location.
The result should have one row per patient.



2026-09-17 14:14:06 | INFO | P05 | 
SQL query:

    SELECT 
        p.patient_id,
        p.age,
        p.age_group,
        c.city,
        c.clinic_name
    FROM patient p
    LEFT JOIN clinics c ON p.clinic_id = c.clinic_id
    
2026-09-17 14:14:06 | INFO | P05 | 
Query result:
   patient_id  age age_group        city       clinic_name
0        1001   71       65+  Brookfield  Northside Clinic
1        1002   81       65+  Brookfield  Northside Clinic
2        1003   26     18-34  Brookfield  Northside Clinic
3        1004   30     18-34  Brookfield  Northside Clinic
4        1005   51     50-64  Brookfield  Northside Clinic
2026-09-17 14:14:06 | INFO | P05 | Successfully created text export at: health_top_five.txt
2026-09-17 14:14:06 | INFO | P05 | -------------------------------
2026-09-17 14:14:06 | INFO | P05 | 06. VISUALIZE the query result with Python.
2026-09-17 14:14:06 | INFO | P05 | -------------------------------
2026-09-17 14:14:06 | INFO | P05 | 
The query result includes patient id and 
clinic name. 

A bar chart will show number of unique patients
at each clinic location.


2026-09-17 14:14:09 | INFO | P05 | Chart saved successfully at docs/images/first-chart.png.
2026-09-17 14:14:09 | INFO | P05 | -------------------------------
2026-09-17 14:14:09 | INFO | P05 | 07. SUMMARIZE what you found.
2026-09-17 14:14:09 | INFO | P05 | -------------------------------
2026-09-17 14:14:09 | INFO | P05 | CUSTOM OBSERVATIONS:
    The SQL query connected information from
    patient and clinic tables.

    The result has one row per patient.

    The fewest patients were at Central Clinic. 
    
2026-09-17 14:14:09 | INFO | P05 | -------------------------------
2026-09-17 14:14:09 | INFO | P05 | 08. DISPLAY the visualization.
2026-09-17 14:14:09 | INFO | P05 | -------------------------------
2026-09-17 14:14:09 | INFO | P05 | In a script, call plt.show() at the end to display all charts.
2026-09-17 14:14:09 | INFO | P05 | Close all chart windows (with the close button) to continue.
2026-09-17 14:14:09 | INFO | P05 | ===================================
2026-09-17 14:14:09 | INFO | P05 | END main() - Executed successfully!
2026-09-17 14:14:09 | INFO | P05 | ===================================
2026-09-17 14:14:51 | INFO | P05 | === RUN START ===
2026-09-17 14:14:51 | INFO | P05 | project=P05 - PYTHON AND SQL
2026-09-17 14:14:51 | INFO | P05 | repo_dir=datafun-05-sql
2026-09-17 14:14:51 | INFO | P05 | python=3.14.7
2026-09-17 14:14:51 | INFO | P05 | os=Darwin 23.5.0
2026-09-17 14:14:51 | INFO | P05 | shell=zsh
2026-09-17 14:14:51 | INFO | P05 | cwd=.
2026-09-17 14:14:51 | INFO | P05 | github_actions=False
2026-09-17 14:14:51 | INFO | P05 | ===================================
2026-09-17 14:14:51 | INFO | P05 | START main()
2026-09-17 14:14:51 | INFO | P05 | ===================================
2026-09-17 14:14:51 | INFO | P05 | -------------------------------
2026-09-17 14:14:51 | INFO | P05 | 01. LOAD the related tables.
2026-09-17 14:14:51 | INFO | P05 | -------------------------------
2026-09-17 14:14:51 | INFO | P05 | clinic file = data/health/clinic.csv
2026-09-17 14:14:51 | INFO | P05 | lab results file = data/health/lab_result.csv
2026-09-17 14:14:51 | INFO | P05 | patient file = data/health/patient.csv
2026-09-17 14:14:51 | INFO | P05 | visit file = data/health/visit.csv
2026-09-17 14:14:51 | INFO | P05 | Related tables loaded successfully.
2026-09-17 14:14:51 | INFO | P05 | -------------------------------
2026-09-17 14:14:51 | INFO | P05 | 02. INSPECT the grain and keys.
2026-09-17 14:14:51 | INFO | P05 | -------------------------------
2026-09-17 14:14:51 | INFO | P05 | Clinic grain: one clinic
2026-09-17 14:14:51 | INFO | P05 | Patient grain: one patient
2026-09-17 14:14:51 | INFO | P05 | Regions columns: ['region_id', 'region_name']
2026-09-17 14:14:51 | INFO | P05 | Stores columns: ['store_id', 'store_name', 'region_id', 'store_type', 'square_feet']
2026-09-17 14:14:51 | INFO | P05 | -------------------------------
2026-09-17 14:14:51 | INFO | P05 | 03. CREATE a SQLite database.
2026-09-17 14:14:51 | INFO | P05 | -------------------------------
2026-09-17 14:14:51 | INFO | P05 | SQLite database = data/retail/business.sqlite
2026-09-17 14:14:51 | INFO | P05 | SQLite database = health.sqlite
2026-09-17 14:14:51 | INFO | P05 | SQLite database connection created.
2026-09-17 14:14:51 | INFO | P05 | -------------------------------
2026-09-17 14:14:51 | INFO | P05 | 04. LOAD the tables into SQLite.
2026-09-17 14:14:51 | INFO | P05 | -------------------------------
2026-09-17 14:14:51 | INFO | P05 | Related tables loaded into SQLite.
2026-09-17 14:14:51 | INFO | P05 | -------------------------------
2026-09-17 14:14:51 | INFO | P05 | 05. QUERY across related tables with SQL.
2026-09-17 14:14:51 | INFO | P05 | -------------------------------
2026-09-17 14:14:51 | INFO | P05 | 
I want to compare number of patients at each clinic location.
The result should have one row per patient.



2026-09-17 14:14:51 | INFO | P05 | 
SQL query:

    SELECT 
        p.patient_id,
        p.age,
        p.age_group,
        c.city,
        c.clinic_name
    FROM patient p
    LEFT JOIN clinics c ON p.clinic_id = c.clinic_id
    
2026-09-17 14:14:51 | INFO | P05 | 
Query result:
   patient_id  age age_group        city       clinic_name
0        1001   71       65+  Brookfield  Northside Clinic
1        1002   81       65+  Brookfield  Northside Clinic
2        1003   26     18-34  Brookfield  Northside Clinic
3        1004   30     18-34  Brookfield  Northside Clinic
4        1005   51     50-64  Brookfield  Northside Clinic
2026-09-17 14:14:51 | INFO | P05 | Successfully created text export at: health_top_five.txt
2026-09-17 14:14:51 | INFO | P05 | -------------------------------
2026-09-17 14:14:51 | INFO | P05 | 06. VISUALIZE the query result with Python.
2026-09-17 14:14:51 | INFO | P05 | -------------------------------
2026-09-17 14:14:51 | INFO | P05 | 
The query result includes patient id and 
clinic name. 

A bar chart will show number of unique patients
at each clinic location.


2026-09-17 14:14:53 | INFO | P05 | Chart saved successfully at docs/images/first-chart.png.
2026-09-17 14:14:53 | INFO | P05 | -------------------------------
2026-09-17 14:14:53 | INFO | P05 | 07. SUMMARIZE what you found.
2026-09-17 14:14:53 | INFO | P05 | -------------------------------
2026-09-17 14:14:53 | INFO | P05 | CUSTOM OBSERVATIONS:
    The SQL query connected information from
    patient and clinic tables.

    The result has one row per patient.

    The fewest patients were at Central Clinic. 
    
2026-09-17 14:14:53 | INFO | P05 | -------------------------------
2026-09-17 14:14:53 | INFO | P05 | 08. DISPLAY the visualization.
2026-09-17 14:14:53 | INFO | P05 | -------------------------------
2026-09-17 14:14:53 | INFO | P05 | In a script, call plt.show() at the end to display all charts.
2026-09-17 14:14:53 | INFO | P05 | Close all chart windows (with the close button) to continue.
2026-09-17 14:14:53 | INFO | P05 | ===================================
2026-09-17 14:14:53 | INFO | P05 | END main() - Executed successfully!
2026-09-17 14:14:53 | INFO | P05 | ===================================
2026-09-17 14:21:52 | INFO | P05 | === RUN START ===
2026-09-17 14:21:52 | INFO | P05 | project=P05 - PYTHON AND SQL
2026-09-17 14:21:52 | INFO | P05 | repo_dir=datafun-05-sql
2026-09-17 14:21:52 | INFO | P05 | python=3.14.7
2026-09-17 14:21:52 | INFO | P05 | os=Darwin 23.5.0
2026-09-17 14:21:52 | INFO | P05 | shell=zsh
2026-09-17 14:21:52 | INFO | P05 | cwd=.
2026-09-17 14:21:52 | INFO | P05 | github_actions=False
2026-09-17 14:21:52 | INFO | P05 | ===================================
2026-09-17 14:21:52 | INFO | P05 | START main()
2026-09-17 14:21:52 | INFO | P05 | ===================================
2026-09-17 14:21:52 | INFO | P05 | -------------------------------
2026-09-17 14:21:52 | INFO | P05 | 01. LOAD the related tables.
2026-09-17 14:21:52 | INFO | P05 | -------------------------------
2026-09-17 14:21:52 | INFO | P05 | clinic file = data/health/clinic.csv
2026-09-17 14:21:52 | INFO | P05 | lab results file = data/health/lab_result.csv
2026-09-17 14:21:52 | INFO | P05 | patient file = data/health/patient.csv
2026-09-17 14:21:52 | INFO | P05 | visit file = data/health/visit.csv
2026-09-17 14:21:52 | INFO | P05 | Related tables loaded successfully.
2026-09-17 14:21:52 | INFO | P05 | -------------------------------
2026-09-17 14:21:52 | INFO | P05 | 02. INSPECT the grain and keys.
2026-09-17 14:21:52 | INFO | P05 | -------------------------------
2026-09-17 14:21:52 | INFO | P05 | Clinic grain: one clinic
2026-09-17 14:21:52 | INFO | P05 | Patient grain: one patient
2026-09-17 14:21:52 | INFO | P05 | Regions columns: ['region_id', 'region_name']
2026-09-17 14:21:52 | INFO | P05 | Stores columns: ['store_id', 'store_name', 'region_id', 'store_type', 'square_feet']
2026-09-17 14:21:52 | INFO | P05 | -------------------------------
2026-09-17 14:21:52 | INFO | P05 | 03. CREATE a SQLite database.
2026-09-17 14:21:52 | INFO | P05 | -------------------------------
2026-09-17 14:21:52 | INFO | P05 | SQLite database = data/retail/business.sqlite
2026-09-17 14:21:52 | INFO | P05 | SQLite database = health.sqlite
2026-09-17 14:21:52 | INFO | P05 | SQLite database connection created.
2026-09-17 14:21:52 | INFO | P05 | -------------------------------
2026-09-17 14:21:52 | INFO | P05 | 04. LOAD the tables into SQLite.
2026-09-17 14:21:52 | INFO | P05 | -------------------------------
2026-09-17 14:21:52 | INFO | P05 | Related tables loaded into SQLite.
2026-09-17 14:21:52 | INFO | P05 | -------------------------------
2026-09-17 14:21:52 | INFO | P05 | 05. QUERY across related tables with SQL.
2026-09-17 14:21:52 | INFO | P05 | -------------------------------
2026-09-17 14:21:52 | INFO | P05 | 
I want to compare number of patients at each clinic location.
The result should have one row per patient.



2026-09-17 14:21:52 | INFO | P05 | 
SQL query:

    SELECT 
        p.patient_id,
        p.age,
        p.age_group,
        c.city,
        c.clinic_name
    FROM patient p
    LEFT JOIN clinics c ON p.clinic_id = c.clinic_id
    
2026-09-17 14:21:52 | INFO | P05 | 
Query result:
   patient_id  age age_group        city       clinic_name
0        1001   71       65+  Brookfield  Northside Clinic
1        1002   81       65+  Brookfield  Northside Clinic
2        1003   26     18-34  Brookfield  Northside Clinic
3        1004   30     18-34  Brookfield  Northside Clinic
4        1005   51     50-64  Brookfield  Northside Clinic
2026-09-17 14:21:52 | INFO | P05 | Successfully created text export at: health_top_five.txt
2026-09-17 14:21:52 | INFO | P05 | -------------------------------
2026-09-17 14:21:52 | INFO | P05 | 06. VISUALIZE the query result with Python.
2026-09-17 14:21:52 | INFO | P05 | -------------------------------
2026-09-17 14:21:52 | INFO | P05 | 
The query result includes patient id and 
clinic name. 

A bar chart will show number of unique patients
at each clinic location.


2026-09-17 14:21:54 | INFO | P05 | Chart saved successfully at docs/images/patients_by_clinic.png.
2026-09-17 14:21:54 | INFO | P05 | -------------------------------
2026-09-17 14:21:54 | INFO | P05 | 07. SUMMARIZE what you found.
2026-09-17 14:21:54 | INFO | P05 | -------------------------------
2026-09-17 14:21:54 | INFO | P05 | CUSTOM OBSERVATIONS:
    The SQL query connected information from
    patient and clinic tables.

    The result has one row per patient.

    The fewest patients were at Central Clinic. 
    
2026-09-17 14:21:54 | INFO | P05 | -------------------------------
2026-09-17 14:21:54 | INFO | P05 | 08. DISPLAY the visualization.
2026-09-17 14:21:54 | INFO | P05 | -------------------------------
2026-09-17 14:21:54 | INFO | P05 | In a script, call plt.show() at the end to display all charts.
2026-09-17 14:21:54 | INFO | P05 | Close all chart windows (with the close button) to continue.
2026-09-17 14:21:54 | INFO | P05 | ===================================
2026-09-17 14:21:54 | INFO | P05 | END main() - Executed successfully!
2026-09-17 14:21:54 | INFO | P05 | ===================================
2026-09-18 12:21:41 | INFO | P05 | === RUN START ===
2026-09-18 12:21:41 | INFO | P05 | project=P05 - PYTHON AND SQL
2026-09-18 12:21:41 | INFO | P05 | repo_dir=datafun-05-sql
2026-09-18 12:21:41 | INFO | P05 | python=3.14.7
2026-09-18 12:21:41 | INFO | P05 | os=Darwin 23.5.0
2026-09-18 12:21:41 | INFO | P05 | shell=zsh
2026-09-18 12:21:41 | INFO | P05 | cwd=.
2026-09-18 12:21:41 | INFO | P05 | github_actions=False
2026-09-18 12:21:41 | INFO | P05 | ===================================
2026-09-18 12:21:41 | INFO | P05 | START main()
2026-09-18 12:21:41 | INFO | P05 | ===================================
2026-09-18 12:21:41 | INFO | P05 | -------------------------------
2026-09-18 12:21:41 | INFO | P05 | 01. LOAD the related tables.
2026-09-18 12:21:41 | INFO | P05 | -------------------------------
2026-09-18 12:21:41 | INFO | P05 | clinic file = data/health/clinic.csv
2026-09-18 12:21:41 | INFO | P05 | lab results file = data/health/lab_result.csv
2026-09-18 12:21:41 | INFO | P05 | patient file = data/health/patient.csv
2026-09-18 12:21:41 | INFO | P05 | visit file = data/health/visit.csv
2026-09-18 12:21:41 | INFO | P05 | Related tables loaded successfully.
2026-09-18 12:21:41 | INFO | P05 | -------------------------------
2026-09-18 12:21:41 | INFO | P05 | 02. INSPECT the grain and keys.
2026-09-18 12:21:41 | INFO | P05 | -------------------------------
2026-09-18 12:21:41 | INFO | P05 | Clinic grain: one clinic
2026-09-18 12:21:41 | INFO | P05 | Patient grain: one patient
2026-09-18 12:21:41 | INFO | P05 | Regions columns: ['region_id', 'region_name']
2026-09-18 12:21:41 | INFO | P05 | Stores columns: ['store_id', 'store_name', 'region_id', 'store_type', 'square_feet']
2026-09-18 12:21:41 | INFO | P05 | -------------------------------
2026-09-18 12:21:41 | INFO | P05 | 03. CREATE a SQLite database.
2026-09-18 12:21:41 | INFO | P05 | -------------------------------
2026-09-18 12:21:41 | INFO | P05 | SQLite database = data/retail/business.sqlite
2026-09-18 12:21:41 | INFO | P05 | SQLite database = health.sqlite
2026-09-18 12:21:41 | INFO | P05 | SQLite database connection created.
2026-09-18 12:21:41 | INFO | P05 | -------------------------------
2026-09-18 12:21:41 | INFO | P05 | 04. LOAD the tables into SQLite.
2026-09-18 12:21:41 | INFO | P05 | -------------------------------
2026-09-18 12:21:41 | INFO | P05 | Related tables loaded into SQLite.
2026-09-18 12:21:41 | INFO | P05 | -------------------------------
2026-09-18 12:21:41 | INFO | P05 | 05. QUERY across related tables with SQL.
2026-09-18 12:21:41 | INFO | P05 | -------------------------------
2026-09-18 12:21:41 | INFO | P05 | 
I want to compare number of patients at each clinic location.
The result should have one row per patient.



2026-09-18 12:21:41 | INFO | P05 | 
SQL query:

    SELECT 
        p.patient_id,
        p.age,
        p.age_group,
        c.city,
        c.clinic_name
    FROM patient p
    LEFT JOIN clinics c ON p.clinic_id = c.clinic_id
    
2026-09-18 12:21:41 | INFO | P05 | 
Query result:
   patient_id  age age_group        city       clinic_name
0        1001   71       65+  Brookfield  Northside Clinic
1        1002   81       65+  Brookfield  Northside Clinic
2        1003   26     18-34  Brookfield  Northside Clinic
3        1004   30     18-34  Brookfield  Northside Clinic
4        1005   51     50-64  Brookfield  Northside Clinic
2026-09-18 12:21:41 | INFO | P05 | Successfully created text export at: health_top_five.txt
2026-09-18 12:21:41 | INFO | P05 | -------------------------------
2026-09-18 12:21:41 | INFO | P05 | 06. VISUALIZE the query result with Python.
2026-09-18 12:21:41 | INFO | P05 | -------------------------------
2026-09-18 12:21:41 | INFO | P05 | 
The query result includes patient id and 
clinic name. 

A bar chart will show number of unique patients
at each clinic location.


2026-09-18 12:21:45 | INFO | P05 | Chart saved successfully at docs/images/patients_by_clinic.png.
2026-09-18 12:21:45 | INFO | P05 | -------------------------------
2026-09-18 12:21:45 | INFO | P05 | 07. SUMMARIZE what you found.
2026-09-18 12:21:45 | INFO | P05 | -------------------------------
2026-09-18 12:21:45 | INFO | P05 | CUSTOM OBSERVATIONS:
    The SQL query connected information from
    patient and clinic tables.

    The result has one row per patient.

    The fewest patients were at Central Clinic. 
    
2026-09-18 12:21:45 | INFO | P05 | -------------------------------
2026-09-18 12:21:45 | INFO | P05 | 08. DISPLAY the visualization.
2026-09-18 12:21:45 | INFO | P05 | -------------------------------
2026-09-18 12:21:45 | INFO | P05 | In a script, call plt.show() at the end to display all charts.
2026-09-18 12:21:45 | INFO | P05 | Close all chart windows (with the close button) to continue.
2026-09-18 12:21:45 | INFO | P05 | ===================================
2026-09-18 12:21:45 | INFO | P05 | END main() - Executed successfully!
2026-09-18 12:21:45 | INFO | P05 | ===================================
